Order ID,Product Name,Category,Price (INR),Quantity Sold,Total Sales (INR),Order Date,Payment Method,Customer Rating
ORD00001,Educational Book,Books,49069.56,2,98139.12,2024-09-12,Debit Card,3.5
ORD00002,Jeans,Clothing,12755.85,4,51023.4,2024-12-18,UPI,3.9
ORD00003,Face Cream,Beauty,11092.19,4,44368.76,2024-05-18,Debit Card,4.4
ORD00004,Smartwatch,Electronics,32657.81,1,32657.81,2024-11-08,Debit Card,3.2
ORD00005,Cookware Set,Home & Kitchen,26590.08,3,79770.24,2024-12-27,UPI,3.1
ORD00006,Mixer Grinder,Home & Kitchen,10475.03,2,20950.06,2024-10-22,Wallet,1.7
ORD00007,Sneakers,Clothing,38647.72,3,115943.16,2024-07-04,Wallet,2.0
ORD00008,Table Lamp,Home & Kitchen,24818.59,3,74455.77,2024-12-27,Debit Card,2.4
ORD00009,Jacket,Clothing,1987.39,2,3974.78,2025-01-18,Debit Card,2.6
ORD00010,Tablet,Electronics,26876.51,2,53753.02,2024-03-14,Debit Card,4.0
ORD00011,Perfume,Beauty,46409.57,5,232047.85,2025-02-08,UPI,2.3
ORD00012,Lipstick,Beauty,48780.78,5,243903.9,2024-04-13,UPI,1.3
ORD00013,Educational Book,Books,6670.82,5,33354.1,2024-02-23,COD,1.2
ORD00014,Smartphone,Electronics,10826.05,1,10826.05,2024-06-02,Wallet,3.7
ORD00015,Comic Book,Books,6839.1,1,6839.1,2024-09-12,Credit Card,1.6
ORD00016,Mixer Grinder,Home & Kitchen,18197.89,5,90989.45,2024-03-30,Debit Card,1.6
ORD00017,Cookbook,Books,20817.46,2,41634.92,2024-03-30,Debit Card,2.3
ORD00018,Perfume,Beauty,44061.25,4,176245.0,2024-04-22,COD,2.5
ORD00019,Cookbook,Books,4398.59,5,21992.95,2024-03-22,Wallet,4.0
ORD00020,T-Shirt,Clothing,32565.77,5,162828.85,2025-01-06,COD,4.4
ORD00021,Cookware Set,Home & Kitchen,47529.36,1,47529.36,2024-07-09,Net Banking,4.5
ORD00022,Jeans,Clothing,37129.73,3,111389.19,2025-01-22,Wallet,4.3
ORD00023,Educational Book,Books,48258.19,4,193032.76,2024-06-23,UPI,1.6
ORD00024,Bedsheet,Home & Kitchen,32505.96,1,32505.96,2024-03-19,Wallet,2.8
ORD00025,Cookware Set,Home & Kitchen,4165.64,2,8331.28,2024-11-24,COD,1.1
ORD00026,T-Shirt,Clothing,2053.11,4,8212.44,2024-07-23,COD,3.4
ORD00027,Jeans,Clothing,38927.62,4,155710.48,2024-08-24,Wallet,2.5
ORD00028,Mixer Grinder,Home & Kitchen,28978.47,4,115913.88,2024-07-21,UPI,2.3
ORD00029,Lipstick,Beauty,21293.42,5,106467.1,2024-04-16,Wallet,2.2
ORD00030,Lipstick,Beauty,49097.01,4,196388.04,2024-08-05,Credit Card,3.7
ORD00031,Perfume,Beauty,47651.19,1,47651.19,2024-04-14,Net Banking,3.6
ORD00032,Hair Dryer,Beauty,15046.01,5,75230.05,2024-10-17,COD,1.1
ORD00033,Laptop,Electronics,36980.1,3,110940.3,2024-10-01,COD,3.2
ORD00034,Table Lamp,Home & Kitchen,38144.67,2,76289.34,2024-07-15,Net Banking,3.1
ORD00035,Laptop,Electronics,49355.45,2,98710.9,2024-05-01,COD,3.5
ORD00036,Shampoo,Beauty,12945.96,3,38837.88,2024-06-10,Wallet,1.4
ORD00037,Perfume,Beauty,34927.79,4,139711.16,2024-06-27,Credit Card,1.1
ORD00038,Table Lamp,Home & Kitchen,3677.4,3,11032.2,2024-07-31,UPI,3.7
ORD00039,Comic Book,Books,37004.54,4,148018.16,2024-10-26,Debit Card,4.0
ORD00040,Cookbook,Books,27961.78,5,139808.9,2024-02-23,Net Banking,4.0
ORD00041,Comic Book,Books,2655.8,2,5311.6,2024-02-12,Net Banking,3.7
ORD00042,Headphones,Electronics,965.51,4,3862.04,2024-06-06,COD,3.5
ORD00043,Bedsheet,Home & Kitchen,2980.08,3,8940.24,2024-12-14,Net Banking,4.2
ORD00044,Mixer Grinder,Home & Kitchen,8598.58,1,8598.58,2024-10-09,Debit Card,1.1
ORD00045,Shampoo,Beauty,31850.15,2,63700.3,2024-04-14,Net Banking,2.8
ORD00046,Smartwatch,Electronics,33443.32,5,167216.6,2024-02-15,UPI,2.4
ORD00047,Jacket,Clothing,29592.5,5,147962.5,2024-07-25,Net Banking,4.7
ORD00048,Hair Dryer,Beauty,11187.38,4,44749.52,2024-06-22,Wallet,2.3
ORD00049,Bedsheet,Home & Kitchen,23898.58,5,119492.9,2024-11-28,Credit Card,3.3
ORD00050,Comic Book,Books,1391.49,4,5565.96,2024-08-11,Credit Card,4.5
ORD00051,Jeans,Clothing,18607.69,5,93038.45,2024-09-10,COD,2.4
ORD00052,Fiction Novel,Books,46224.88,3,138674.64,2024-10-30,Credit Card,4.1
ORD00053,Tablet,Electronics,11864.13,5,59320.65,2024-11-11,Debit Card,1.3
ORD00054,Comic Book,Books,7757.2,5,38786.0,2024-11-22,Wallet,2.2
ORD00055,Smartwatch,Electronics,29745.0,1,29745.0,2024-10-04,UPI,3.6
ORD00056,Jeans,Clothing,39176.54,5,195882.7,2024-04-04,Net Banking,4.1
ORD00057,Jeans,Clothing,18075.19,5,90375.95,2024-09-03,Debit Card,1.7
ORD00058,Self-Help Book,Books,18830.59,4,75322.36,2024-05-16,Net Banking,3.6
ORD00059,Headphones,Electronics,38476.48,4,153905.92,2024-08-30,Credit Card,2.0
ORD00060,Laptop,Electronics,27120.36,2,54240.72,2024-06-13,Credit Card,3.8
ORD00061,Cookbook,Books,31627.0,5,158135.0,2024-07-28,Debit Card,3.1
ORD00062,Comic Book,Books,14505.79,3,43517.37,2024-07-10,UPI,3.9
ORD00063,Smartwatch,Electronics,15229.67,3,45689.01,2024-07-21,Credit Card,2.7
ORD00064,Table Lamp,Home & Kitchen,2158.12,3,6474.36,2025-01-02,COD,3.4
ORD00065,Lipstick,Beauty,11106.19,2,22212.38,2024-12-22,Wallet,1.1
ORD00066,Educational Book,Books,21690.55,2,43381.1,2024-11-28,Credit Card,1.9
ORD00067,Hair Dryer,Beauty,4225.69,4,16902.76,2024-05-06,Credit Card,2.5
ORD00068,Smartwatch,Electronics,23621.02,1,23621.02,2024-02-26,Wallet,4.7
ORD00069,Educational Book,Books,38937.92,3,116813.76,2024-04-08,Credit Card,3.4
ORD00070,Cookware Set,Home & Kitchen,2707.97,1,2707.97,2024-04-28,Net Banking,1.2
ORD00071,Face Cream,Beauty,23715.42,4,94861.68,2024-03-24,COD,2.0
ORD00072,Tablet,Electronics,9083.5,2,18167.0,2024-07-05,UPI,1.8
ORD00073,Lipstick,Beauty,26379.35,4,105517.4,2024-09-07,UPI,3.0
ORD00074,Jacket,Clothing,34023.96,3,102071.88,2024-02-13,Credit Card,4.6
ORD00075,Sneakers,Clothing,1542.1,4,6168.4,2024-08-25,Credit Card,1.0
ORD00076,Fiction Novel,Books,42981.08,3,128943.24,2024-03-25,COD,3.8
ORD00077,Sofa Cover,Home & Kitchen,46338.29,5,231691.45,2024-03-22,COD,3.4
ORD00078,Headphones,Electronics,34161.44,1,34161.44,2024-06-30,Wallet,2.4
ORD00079,Lipstick,Beauty,21317.31,5,106586.55,2024-07-16,Credit Card,4.0
ORD00080,Face Cream,Beauty,46011.84,4,184047.36,2024-05-01,COD,3.3
ORD00081,Perfume,Beauty,2097.99,1,2097.99,2025-02-09,Debit Card,3.2
ORD00082,Smartphone,Electronics,17104.91,3,51314.73,2024-12-10,Credit Card,2.7
ORD00083,Sofa Cover,Home & Kitchen,29326.6,3,87979.8,2024-11-07,Credit Card,4.9
ORD00084,Headphones,Electronics,28892.73,4,115570.92,2024-11-11,COD,1.3
ORD00085,Tablet,Electronics,35033.12,4,140132.48,2024-12-03,UPI,4.7
ORD00086,Jeans,Clothing,40069.3,3,120207.9,2024-10-27,Debit Card,2.4
ORD00087,Comic Book,Books,20613.14,4,82452.56,2024-05-30,UPI,3.4
ORD00088,Cookware Set,Home & Kitchen,3432.0,5,17160.0,2024-04-12,Credit Card,3.4
ORD00089,Shampoo,Beauty,25752.65,3,77257.95,2024-06-28,Net Banking,2.5
ORD00090,Smartwatch,Electronics,30238.47,2,60476.94,2024-09-24,Net Banking,4.0
ORD00091,Bedsheet,Home & Kitchen,34293.38,4,137173.52,2024-04-01,Net Banking,4.4
ORD00092,Perfume,Beauty,19498.32,2,38996.64,2024-11-23,Credit Card,3.6
ORD00093,T-Shirt,Clothing,39355.59,1,39355.59,2024-10-22,Wallet,2.9
ORD00094,Cookbook,Books,26575.86,2,53151.72,2024-05-23,Wallet,2.0
ORD00095,Headphones,Electronics,12506.31,3,37518.93,2025-01-12,UPI,1.4
ORD00096,T-Shirt,Clothing,19180.77,3,57542.31,2025-01-28,Wallet,3.9
ORD00097,Bedsheet,Home & Kitchen,8877.51,5,44387.55,2024-05-31,UPI,2.5
ORD00098,Sneakers,Clothing,32348.92,2,64697.84,2025-02-02,Credit Card,3.1
ORD00099,Smartwatch,Electronics,19375.76,2,38751.52,2024-12-06,Credit Card,2.1
ORD00100,Educational Book,Books,48157.93,1,48157.93,2024-09-05,COD,2.4
ORD00101,Laptop,Electronics,4360.05,4,17440.2,2025-01-18,Wallet,3.3
ORD00102,Jacket,Clothing,38093.14,1,38093.14,2024-10-22,Credit Card,3.0
ORD00103,Educational Book,Books,32788.2,5,163941.0,2024-07-07,Credit Card,4.0
ORD00104,Comic Book,Books,42715.55,1,42715.55,2024-07-14,Credit Card,4.4
ORD00105,Perfume,Beauty,28758.42,5,143792.1,2024-09-22,Net Banking,3.7
ORD00106,Educational Book,Books,22555.21,2,45110.42,2024-05-10,UPI,4.3
ORD00107,Dress,Clothing,33613.18,1,33613.18,2024-08-24,Wallet,3.5
ORD00108,T-Shirt,Clothing,44639.0,5,223195.0,2024-05-04,Credit Card,1.1
ORD00109,Jeans,Clothing,11785.4,5,58927.0,2024-06-25,Wallet,1.6
ORD00110,Self-Help Book,Books,30826.72,1,30826.72,2024-08-04,UPI,3.9
ORD00111,Jacket,Clothing,35811.1,4,143244.4,2024-09-11,Net Banking,1.9
ORD00112,Shampoo,Beauty,45387.99,3,136163.97,2024-12-23,COD,4.8
ORD00113,Sofa Cover,Home & Kitchen,39263.94,5,196319.7,2024-08-05,Wallet,3.8
ORD00114,Educational Book,Books,19787.61,1,19787.61,2024-10-07,Debit Card,3.9
ORD00115,Jacket,Clothing,26219.99,4,104879.96,2024-03-14,Debit Card,2.1
ORD00116,Lipstick,Beauty,14286.02,4,57144.08,2024-05-25,UPI,3.7
ORD00117,T-Shirt,Clothing,13019.07,3,39057.21,2025-02-02,Credit Card,2.8
ORD00118,Face Cream,Beauty,43488.42,3,130465.26,2024-07-18,Net Banking,3.0
ORD00119,Cookbook,Books,30903.49,4,123613.96,2024-09-10,Net Banking,1.7
ORD00120,Table Lamp,Home & Kitchen,37405.46,4,149621.84,2025-01-15,Wallet,1.3
ORD00121,Tablet,Electronics,30593.67,4,122374.68,2024-05-18,COD,1.5
ORD00122,Headphones,Electronics,28688.25,3,86064.75,2024-05-27,UPI,2.4
ORD00123,Hair Dryer,Beauty,12158.96,3,36476.88,2024-03-21,Net Banking,1.1
ORD00124,Headphones,Electronics,24500.05,3,73500.15,2024-04-21,Credit Card,4.4
ORD00125,Table Lamp,Home & Kitchen,44412.88,3,133238.64,2024-09-13,COD,1.4
ORD00126,Smartphone,Electronics,26615.97,3,79847.91,2024-08-26,Net Banking,3.6
ORD00127,Jacket,Clothing,3979.4,1,3979.4,2024-10-02,Debit Card,4.6
ORD00128,Perfume,Beauty,49687.49,2,99374.98,2024-05-02,UPI,2.5
ORD00129,Laptop,Electronics,11289.42,3,33868.26,2024-08-10,UPI,2.3
ORD00130,Dress,Clothing,27309.73,3,81929.19,2024-06-17,Net Banking,4.0
ORD00131,Laptop,Electronics,30374.4,5,151872.0,2025-01-11,Net Banking,1.8
ORD00132,Shampoo,Beauty,15486.41,4,61945.64,2024-04-20,COD,5.0
ORD00133,Smartwatch,Electronics,33698.34,1,33698.34,2024-08-10,Debit Card,4.2
ORD00134,Dress,Clothing,42987.64,5,214938.2,2024-03-30,Wallet,3.7
ORD00135,Smartwatch,Electronics,1104.25,5,5521.25,2024-11-28,UPI,3.8
ORD00136,Jacket,Clothing,14043.16,4,56172.64,2024-06-01,Wallet,3.1
ORD00137,Cookbook,Books,24032.88,1,24032.88,2024-10-28,Wallet,3.8
ORD00138,Face Cream,Beauty,32283.58,3,96850.74,2025-01-02,COD,4.4
ORD00139,Lipstick,Beauty,3848.54,1,3848.54,2025-02-03,Net Banking,4.6
ORD00140,Cookware Set,Home & Kitchen,48175.48,1,48175.48,2024-07-10,COD,1.5
ORD00141,Tablet,Electronics,2273.01,2,4546.02,2025-01-01,UPI,4.3
ORD00142,Jacket,Clothing,48346.41,3,145039.23,2025-01-27,Debit Card,1.4
ORD00143,Table Lamp,Home & Kitchen,8383.86,2,16767.72,2024-09-19,Wallet,3.1
ORD00144,Shampoo,Beauty,15344.02,1,15344.02,2024-05-16,UPI,4.0
ORD00145,Smartphone,Electronics,49142.57,4,196570.28,2024-03-04,UPI,4.9
ORD00146,Self-Help Book,Books,45182.27,5,225911.35,2024-03-30,Debit Card,3.1
ORD00147,Jacket,Clothing,18309.06,2,36618.12,2024-05-11,Net Banking,1.9
ORD00148,Smartwatch,Electronics,33021.1,4,132084.4,2024-08-21,Debit Card,4.4
ORD00149,Jacket,Clothing,42814.17,5,214070.85,2024-09-27,Debit Card,4.2
ORD00150,Perfume,Beauty,5293.87,2,10587.74,2024-12-31,Debit Card,2.7
ORD00151,Fiction Novel,Books,16596.58,5,82982.9,2025-02-02,UPI,2.1
ORD00152,Sneakers,Clothing,48940.95,1,48940.95,2024-02-20,Net Banking,1.0
ORD00153,Jeans,Clothing,10059.45,5,50297.25,2024-03-23,COD,4.3
ORD00154,Perfume,Beauty,4820.8,1,4820.8,2024-12-10,Wallet,4.3
ORD00155,Cookbook,Books,12087.35,4,48349.4,2024-11-21,UPI,2.6
ORD00156,Face Cream,Beauty,43522.08,5,217610.4,2024-09-11,COD,4.8
ORD00157,Smartwatch,Electronics,42409.26,1,42409.26,2024-08-25,Debit Card,2.0
ORD00158,Fiction Novel,Books,29882.47,5,149412.35,2024-06-22,Wallet,4.7
ORD00159,Smartwatch,Electronics,40233.28,5,201166.4,2025-01-05,Wallet,1.9
ORD00160,Sofa Cover,Home & Kitchen,15357.36,4,61429.44,2024-08-06,Debit Card,1.6
ORD00161,Self-Help Book,Books,10565.57,4,42262.28,2024-07-04,Net Banking,1.5
ORD00162,Fiction Novel,Books,42533.26,4,170133.04,2024-11-28,Debit Card,4.6
ORD00163,Mixer Grinder,Home & Kitchen,18426.9,4,73707.6,2024-10-18,Debit Card,4.7
ORD00164,Perfume,Beauty,23369.23,1,23369.23,2024-11-23,Credit Card,1.5
ORD00165,Perfume,Beauty,2735.32,5,13676.6,2024-12-20,Wallet,2.6
ORD00166,Laptop,Electronics,48944.01,3,146832.03,2024-07-04,COD,4.2
ORD00167,Hair Dryer,Beauty,32590.46,2,65180.92,2024-04-11,Net Banking,2.4
ORD00168,Hair Dryer,Beauty,35286.97,2,70573.94,2024-10-09,Net Banking,3.3
ORD00169,Fiction Novel,Books,42881.03,3,128643.09,2024-11-29,Net Banking,4.4
ORD00170,Shampoo,Beauty,28246.25,2,56492.5,2024-06-03,Net Banking,2.3
ORD00171,Shampoo,Beauty,24619.84,2,49239.68,2024-12-06,Debit Card,4.1
ORD00172,Dress,Clothing,12083.96,3,36251.88,2024-11-23,Wallet,3.0
ORD00173,Self-Help Book,Books,12214.72,5,61073.6,2025-01-14,UPI,2.1
ORD00174,Fiction Novel,Books,19386.27,1,19386.27,2024-07-16,COD,4.1
ORD00175,Educational Book,Books,34879.4,3,104638.2,2024-04-12,UPI,2.5
ORD00176,Laptop,Electronics,32016.11,5,160080.55,2024-09-27,Debit Card,4.3
ORD00177,T-Shirt,Clothing,32264.17,1,32264.17,2024-07-22,Net Banking,4.1
ORD00178,Shampoo,Beauty,30171.74,4,120686.96,2024-07-29,Net Banking,3.8
ORD00179,Dress,Clothing,22712.18,5,113560.9,2025-01-24,COD,3.9
ORD00180,Comic Book,Books,27204.69,1,27204.69,2025-02-09,Debit Card,2.8
ORD00181,Educational Book,Books,17353.47,1,17353.47,2024-12-04,Credit Card,2.6
ORD00182,Sofa Cover,Home & Kitchen,44882.2,1,44882.2,2024-05-11,COD,1.3
ORD00183,Sofa Cover,Home & Kitchen,47002.72,3,141008.16,2024-03-05,Debit Card,4.1
ORD00184,Lipstick,Beauty,33659.67,4,134638.68,2024-07-05,Wallet,3.3
ORD00185,Sofa Cover,Home & Kitchen,13011.44,2,26022.88,2024-06-25,Wallet,4.9
ORD00186,Smartphone,Electronics,21990.25,3,65970.75,2025-01-12,Wallet,4.2
ORD00187,Perfume,Beauty,1927.38,3,5782.14,2024-08-31,Debit Card,2.9
ORD00188,Laptop,Electronics,21741.53,3,65224.59,2024-12-02,COD,3.5
ORD00189,Sneakers,Clothing,23638.72,1,23638.72,2024-09-24,Credit Card,1.5
ORD00190,Hair Dryer,Beauty,39372.11,1,39372.11,2024-04-13,Wallet,4.1
ORD00191,Fiction Novel,Books,49088.13,4,196352.52,2024-03-06,Wallet,2.3
ORD00192,Cookware Set,Home & Kitchen,4524.63,3,13573.89,2024-12-19,UPI,2.4
ORD00193,Sneakers,Clothing,1507.01,3,4521.03,2024-08-02,Net Banking,2.5
ORD00194,Tablet,Electronics,39699.85,3,119099.55,2024-05-14,Wallet,3.9
ORD00195,Face Cream,Beauty,37494.13,5,187470.65,2024-10-01,COD,1.8
ORD00196,Smartphone,Electronics,5850.81,5,29254.05,2024-11-28,COD,1.3
ORD00197,Self-Help Book,Books,16448.74,4,65794.96,2024-09-04,Net Banking,4.6
ORD00198,Smartwatch,Electronics,11103.44,1,11103.44,2024-05-09,Wallet,1.1
ORD00199,Self-Help Book,Books,34255.39,2,68510.78,2024-02-18,UPI,2.9
ORD00200,Smartwatch,Electronics,18304.18,2,36608.36,2024-09-30,Debit Card,1.6
ORD00201,Table Lamp,Home & Kitchen,12771.91,2,25543.82,2024-07-11,Wallet,3.2
ORD00202,Comic Book,Books,2275.09,2,4550.18,2024-06-27,Debit Card,1.5
ORD00203,Sneakers,Clothing,16468.59,4,65874.36,2024-10-24,Net Banking,4.5
ORD00204,Cookware Set,Home & Kitchen,4934.99,3,14804.97,2024-10-16,Credit Card,4.6
ORD00205,Table Lamp,Home & Kitchen,5258.29,5,26291.45,2024-08-23,Wallet,2.5
ORD00206,Hair Dryer,Beauty,32580.0,5,162900.0,2024-03-27,COD,2.7
ORD00207,Sofa Cover,Home & Kitchen,40298.9,1,40298.9,2024-06-17,Debit Card,1.2
ORD00208,Tablet,Electronics,11236.19,3,33708.57,2024-11-02,COD,2.6
ORD00209,Self-Help Book,Books,32537.46,5,162687.3,2024-10-28,UPI,3.4
ORD00210,Jeans,Clothing,6953.88,1,6953.88,2024-05-14,UPI,2.9
ORD00211,Bedsheet,Home & Kitchen,32824.05,3,98472.15,2024-09-02,Credit Card,3.6
ORD00212,Sneakers,Clothing,34459.99,3,103379.97,2024-10-05,Debit Card,1.4
ORD00213,Educational Book,Books,13608.58,3,40825.74,2024-04-05,UPI,4.6
ORD00214,Mixer Grinder,Home & Kitchen,32630.83,2,65261.66,2024-12-22,UPI,4.7
ORD00215,Laptop,Electronics,24818.77,4,99275.08,2024-11-14,Debit Card,2.3
ORD00216,Cookbook,Books,36645.35,3,109936.05,2024-12-26,Debit Card,2.5
ORD00217,Jeans,Clothing,25668.96,3,77006.88,2024-06-08,Debit Card,4.8
ORD00218,Dress,Clothing,44241.68,4,176966.72,2024-09-18,COD,1.4
ORD00219,Headphones,Electronics,39749.19,1,39749.19,2024-07-19,COD,3.5
ORD00220,Tablet,Electronics,37578.46,2,75156.92,2024-06-08,Net Banking,4.4
ORD00221,Smartphone,Electronics,37203.65,4,148814.6,2024-05-14,Wallet,3.5
ORD00222,Self-Help Book,Books,22851.63,1,22851.63,2024-05-14,Wallet,1.0
ORD00223,Hair Dryer,Beauty,27627.84,4,110511.36,2024-03-30,UPI,1.8
ORD00224,Self-Help Book,Books,31333.95,3,94001.85,2024-08-21,Debit Card,1.7
ORD00225,Bedsheet,Home & Kitchen,30911.44,5,154557.2,2024-04-06,Debit Card,3.0
ORD00226,Laptop,Electronics,11518.23,1,11518.23,2025-01-30,Debit Card,4.4
ORD00227,Jeans,Clothing,43304.55,5,216522.75,2024-12-28,UPI,2.6
ORD00228,Self-Help Book,Books,3710.07,3,11130.21,2024-02-20,Credit Card,4.2
ORD00229,Perfume,Beauty,34621.21,2,69242.42,2025-01-06,Wallet,1.8
ORD00230,Headphones,Electronics,41742.29,5,208711.45,2024-07-15,COD,2.6
ORD00231,Bedsheet,Home & Kitchen,46858.63,1,46858.63,2024-11-02,Debit Card,3.5
ORD00232,Smartwatch,Electronics,5413.09,1,5413.09,2024-05-20,UPI,3.4
ORD00233,Laptop,Electronics,5880.45,1,5880.45,2024-09-09,Net Banking,2.0
ORD00234,Comic Book,Books,35665.26,3,106995.78,2024-03-30,Wallet,1.2
ORD00235,Headphones,Electronics,42981.89,5,214909.45,2025-01-02,Credit Card,1.8
ORD00236,Comic Book,Books,25629.88,3,76889.64,2024-09-03,Debit Card,2.9
ORD00237,Perfume,Beauty,22475.94,4,89903.76,2024-02-13,Debit Card,3.5
ORD00238,Sofa Cover,Home & Kitchen,33250.7,5,166253.5,2024-10-19,Wallet,4.3
ORD00239,Cookbook,Books,45045.03,5,225225.15,2025-01-02,Net Banking,3.8
ORD00240,Bedsheet,Home & Kitchen,3955.86,5,19779.3,2024-06-18,Net Banking,4.7
ORD00241,Perfume,Beauty,28169.11,5,140845.55,2024-05-04,UPI,2.7
ORD00242,Face Cream,Beauty,42785.51,4,171142.04,2024-11-13,COD,1.7
ORD00243,Smartphone,Electronics,25614.35,2,51228.7,2024-08-12,Wallet,3.5
ORD00244,Mixer Grinder,Home & Kitchen,7771.58,5,38857.9,2024-08-17,Debit Card,3.6
ORD00245,Cookbook,Books,31059.47,3,93178.41,2024-05-15,Wallet,4.8
ORD00246,Educational Book,Books,14506.11,5,72530.55,2024-06-16,Debit Card,3.5
ORD00247,Smartwatch,Electronics,16272.38,3,48817.14,2024-06-15,Debit Card,1.4
ORD00248,T-Shirt,Clothing,29222.92,3,87668.76,2024-10-16,Debit Card,2.7
ORD00249,Educational Book,Books,1483.5,5,7417.5,2024-11-04,Debit Card,4.3
ORD00250,Self-Help Book,Books,35629.55,2,71259.1,2025-02-01,Wallet,2.0
ORD00251,Jacket,Clothing,1987.98,4,7951.92,2024-02-23,UPI,3.3
ORD00252,Educational Book,Books,37590.44,4,150361.76,2024-03-28,Wallet,1.8
ORD00253,Mixer Grinder,Home & Kitchen,31759.49,4,127037.96,2024-12-11,UPI,2.0
ORD00254,Shampoo,Beauty,18787.05,4,75148.2,2025-01-27,Credit Card,1.1
ORD00255,Educational Book,Books,17066.16,1,17066.16,2024-09-15,Wallet,2.8
ORD00256,Jacket,Clothing,15068.72,4,60274.88,2024-03-23,Debit Card,1.4
ORD00257,Smartphone,Electronics,44334.11,3,133002.33,2024-02-24,Wallet,2.6
ORD00258,Smartphone,Electronics,11183.75,1,11183.75,2024-11-15,Credit Card,4.9
ORD00259,Cookware Set,Home & Kitchen,2923.95,5,14619.75,2024-08-16,Net Banking,1.1
ORD00260,Shampoo,Beauty,7339.66,2,14679.32,2024-11-29,Net Banking,1.1
ORD00261,Table Lamp,Home & Kitchen,41405.37,2,82810.74,2024-10-06,Wallet,4.6
ORD00262,Mixer Grinder,Home & Kitchen,36114.38,1,36114.38,2024-09-01,Net Banking,4.6
ORD00263,Smartphone,Electronics,19915.59,5,99577.95,2024-09-06,COD,1.2
ORD00264,Smartphone,Electronics,18366.97,4,73467.88,2024-05-22,COD,1.2
ORD00265,Smartphone,Electronics,8563.14,2,17126.28,2024-03-03,COD,3.1
ORD00266,Hair Dryer,Beauty,40461.79,1,40461.79,2024-05-19,Credit Card,4.9
ORD00267,Jacket,Clothing,6943.4,5,34717.0,2024-07-16,Debit Card,1.5
ORD00268,Shampoo,Beauty,14517.08,1,14517.08,2024-05-19,UPI,3.0
ORD00269,Tablet,Electronics,4248.25,5,21241.25,2024-07-19,Wallet,4.1
ORD00270,Mixer Grinder,Home & Kitchen,43118.73,5,215593.65,2024-12-12,Debit Card,3.1
ORD00271,Dress,Clothing,10086.76,2,20173.52,2024-03-26,Wallet,1.9
ORD00272,Face Cream,Beauty,35373.5,4,141494.0,2024-08-09,Credit Card,2.9
ORD00273,Table Lamp,Home & Kitchen,43002.68,3,129008.04,2024-04-05,UPI,4.2
ORD00274,Laptop,Electronics,46388.81,1,46388.81,2024-02-21,COD,4.4
ORD00275,Cookbook,Books,47384.51,3,142153.53,2024-05-29,Net Banking,1.5
ORD00276,Jacket,Clothing,15826.47,2,31652.94,2024-07-13,Net Banking,4.4
ORD00277,Shampoo,Beauty,33927.57,5,169637.85,2025-02-02,Wallet,2.6
ORD00278,Tablet,Electronics,27400.84,1,27400.84,2025-02-07,Net Banking,3.6
ORD00279,Tablet,Electronics,37684.28,4,150737.12,2024-04-02,COD,3.2
ORD00280,Sneakers,Clothing,22968.18,4,91872.72,2025-01-23,Net Banking,4.1
ORD00281,Sofa Cover,Home & Kitchen,43444.93,1,43444.93,2025-01-10,Wallet,4.0
ORD00282,Headphones,Electronics,36083.22,3,108249.66,2024-07-25,Credit Card,2.9
ORD00283,Cookware Set,Home & Kitchen,43043.82,5,215219.1,2024-11-09,Wallet,4.1
ORD00284,Smartwatch,Electronics,1517.63,4,6070.52,2024-11-10,COD,2.0
ORD00285,Fiction Novel,Books,1626.1,5,8130.5,2024-11-15,Credit Card,2.8
ORD00286,T-Shirt,Clothing,40384.62,1,40384.62,2024-04-27,UPI,4.2
ORD00287,T-Shirt,Clothing,37295.08,1,37295.08,2025-02-06,UPI,4.0
ORD00288,Sneakers,Clothing,13915.5,3,41746.5,2024-07-02,Net Banking,3.9
ORD00289,Smartphone,Electronics,23625.05,2,47250.1,2024-07-07,Debit Card,2.0
ORD00290,Mixer Grinder,Home & Kitchen,464.18,3,1392.54,2024-08-02,Debit Card,4.1
ORD00291,T-Shirt,Clothing,26667.15,2,53334.3,2024-11-05,Credit Card,1.9
ORD00292,Fiction Novel,Books,29093.02,2,58186.04,2024-11-01,Debit Card,3.7
ORD00293,Jacket,Clothing,44770.65,3,134311.95,2024-12-12,Wallet,3.5
ORD00294,Bedsheet,Home & Kitchen,32749.9,1,32749.9,2024-08-02,Net Banking,3.8
ORD00295,Educational Book,Books,4990.66,3,14971.98,2024-05-30,Wallet,4.6
ORD00296,T-Shirt,Clothing,11044.89,3,33134.67,2024-11-25,Wallet,1.5
ORD00297,Fiction Novel,Books,46032.16,5,230160.8,2024-12-08,Debit Card,4.4
ORD00298,Educational Book,Books,43965.67,3,131897.01,2024-08-25,Debit Card,1.1
ORD00299,T-Shirt,Clothing,6037.98,2,12075.96,2024-05-25,COD,3.6
ORD00300,Comic Book,Books,22747.82,3,68243.46,2024-09-20,Debit Card,4.5
ORD00301,Headphones,Electronics,26615.92,2,53231.84,2024-06-21,COD,2.3
ORD00302,Face Cream,Beauty,48234.31,2,96468.62,2024-07-08,Debit Card,1.8
ORD00303,Table Lamp,Home & Kitchen,24172.56,1,24172.56,2024-12-20,UPI,3.1
ORD00304,Fiction Novel,Books,16385.37,3,49156.11,2024-02-24,Wallet,1.6
ORD00305,T-Shirt,Clothing,29527.22,3,88581.66,2024-03-30,COD,1.2
ORD00306,Table Lamp,Home & Kitchen,42516.65,3,127549.95,2024-04-28,Net Banking,1.8
ORD00307,Comic Book,Books,27175.37,5,135876.85,2024-08-02,COD,3.9
ORD00308,Dress,Clothing,25379.68,4,101518.72,2024-10-06,Wallet,3.5
ORD00309,Educational Book,Books,29568.18,3,88704.54,2025-01-12,Credit Card,1.3
ORD00310,Fiction Novel,Books,23562.27,2,47124.54,2024-12-23,Credit Card,4.9
ORD00311,Dress,Clothing,19134.26,2,38268.52,2024-02-12,COD,4.6
ORD00312,Fiction Novel,Books,10176.11,5,50880.55,2024-08-17,Net Banking,2.1
ORD00313,Laptop,Electronics,48177.16,3,144531.48,2024-03-05,Net Banking,1.7
ORD00314,Mixer Grinder,Home & Kitchen,6119.31,5,30596.55,2024-03-07,Net Banking,1.5
ORD00315,Shampoo,Beauty,6015.13,1,6015.13,2024-08-26,Credit Card,1.9
ORD00316,T-Shirt,Clothing,41198.84,4,164795.36,2024-04-08,Credit Card,3.0
ORD00317,Cookbook,Books,11527.7,3,34583.1,2024-11-30,Net Banking,1.8
ORD00318,Smartwatch,Electronics,27749.19,4,110996.76,2025-01-22,Wallet,2.5
ORD00319,Smartphone,Electronics,14014.82,1,14014.82,2024-11-23,Credit Card,4.6
ORD00320,Smartphone,Electronics,23293.14,2,46586.28,2024-06-08,UPI,4.1
ORD00321,Sneakers,Clothing,38592.49,5,192962.45,2024-10-13,Wallet,3.2
ORD00322,Smartphone,Electronics,39898.86,1,39898.86,2024-06-03,Wallet,1.8
ORD00323,Educational Book,Books,39842.5,2,79685.0,2024-10-10,Debit Card,4.4
ORD00324,Fiction Novel,Books,30395.25,1,30395.25,2024-04-07,COD,1.1
ORD00325,Face Cream,Beauty,36560.32,5,182801.6,2025-01-01,Net Banking,2.5
ORD00326,Cookware Set,Home & Kitchen,44248.09,1,44248.09,2024-02-19,Net Banking,3.1
ORD00327,Tablet,Electronics,18386.26,1,18386.26,2024-10-06,Credit Card,1.4
ORD00328,Jacket,Clothing,33683.4,1,33683.4,2025-01-08,Debit Card,3.8
ORD00329,Hair Dryer,Beauty,49561.57,3,148684.71,2024-04-03,Net Banking,3.5
ORD00330,Face Cream,Beauty,18551.65,2,37103.3,2024-03-30,Credit Card,2.6
ORD00331,Headphones,Electronics,12249.35,5,61246.75,2025-01-29,Wallet,2.9
ORD00332,Jeans,Clothing,35305.39,1,35305.39,2024-06-10,UPI,2.2
ORD00333,Smartwatch,Electronics,16790.46,5,83952.3,2024-08-27,Net Banking,4.3
ORD00334,Jacket,Clothing,26096.96,4,104387.84,2024-03-28,Debit Card,3.5
ORD00335,Self-Help Book,Books,34361.96,5,171809.8,2024-03-22,Net Banking,4.4
ORD00336,Table Lamp,Home & Kitchen,46079.49,5,230397.45,2024-02-28,Net Banking,3.7
ORD00337,Mixer Grinder,Home & Kitchen,47053.44,2,94106.88,2024-06-05,COD,3.0
ORD00338,Tablet,Electronics,18905.94,3,56717.82,2024-08-14,UPI,4.5
ORD00339,Hair Dryer,Beauty,30977.18,3,92931.54,2024-11-08,UPI,3.3
ORD00340,Table Lamp,Home & Kitchen,41841.57,2,83683.14,2024-05-27,COD,1.1
ORD00341,Laptop,Electronics,4277.15,4,17108.6,2024-08-12,COD,2.1
ORD00342,Sofa Cover,Home & Kitchen,15648.85,2,31297.7,2025-02-03,Credit Card,4.4
ORD00343,Headphones,Electronics,26992.72,3,80978.16,2024-02-15,Wallet,1.1
ORD00344,Headphones,Electronics,49586.31,4,198345.24,2024-05-03,UPI,4.3
ORD00345,Tablet,Electronics,37181.04,1,37181.04,2024-03-21,Wallet,1.2
ORD00346,Sneakers,Clothing,46090.65,4,184362.6,2025-01-25,UPI,3.3
ORD00347,Educational Book,Books,48151.09,4,192604.36,2024-07-23,UPI,2.9
ORD00348,Smartwatch,Electronics,8197.47,2,16394.94,2024-09-28,Wallet,3.0
ORD00349,Cookware Set,Home & Kitchen,40679.29,2,81358.58,2024-07-13,Wallet,1.5
ORD00350,Perfume,Beauty,45012.71,3,135038.13,2024-10-15,UPI,4.9
ORD00351,Perfume,Beauty,5127.02,3,15381.06,2025-02-07,Debit Card,4.5
ORD00352,Laptop,Electronics,13954.48,3,41863.44,2025-01-12,UPI,1.5
ORD00353,T-Shirt,Clothing,26166.89,4,104667.56,2024-09-06,Credit Card,3.7
ORD00354,Hair Dryer,Beauty,45072.69,2,90145.38,2024-12-30,Wallet,2.6
ORD00355,T-Shirt,Clothing,33543.19,2,67086.38,2024-03-09,UPI,3.7
ORD00356,Self-Help Book,Books,34116.23,3,102348.69,2024-03-20,Wallet,1.4
ORD00357,Self-Help Book,Books,15466.4,5,77332.0,2024-07-29,Wallet,2.9
ORD00358,Laptop,Electronics,19879.4,4,79517.6,2024-03-15,Debit Card,3.2
ORD00359,Sofa Cover,Home & Kitchen,11914.15,2,23828.3,2024-06-10,Wallet,2.4
ORD00360,Dress,Clothing,7936.32,4,31745.28,2024-09-21,Credit Card,1.5
ORD00361,Educational Book,Books,7633.85,2,15267.7,2024-09-01,Net Banking,3.8
ORD00362,Face Cream,Beauty,2470.82,4,9883.28,2024-05-26,UPI,2.0
ORD00363,Sofa Cover,Home & Kitchen,908.47,3,2725.41,2024-09-27,COD,4.6
ORD00364,Table Lamp,Home & Kitchen,14102.56,4,56410.24,2024-09-20,COD,2.9
ORD00365,Laptop,Electronics,23287.93,4,93151.72,2024-08-14,Debit Card,2.0
ORD00366,Mixer Grinder,Home & Kitchen,41333.21,1,41333.21,2025-01-28,Net Banking,4.0
ORD00367,Educational Book,Books,35304.99,1,35304.99,2024-08-06,COD,2.0
ORD00368,Jeans,Clothing,22335.58,2,44671.16,2024-07-31,Wallet,3.8
ORD00369,Cookware Set,Home & Kitchen,40486.08,5,202430.4,2024-11-26,Wallet,3.6
ORD00370,Educational Book,Books,20353.4,1,20353.4,2024-07-07,UPI,2.9
ORD00371,Laptop,Electronics,2258.27,3,6774.81,2024-10-24,Wallet,4.8
ORD00372,Smartphone,Electronics,704.55,5,3522.75,2024-05-28,Debit Card,4.0
ORD00373,Table Lamp,Home & Kitchen,38629.0,1,38629.0,2024-07-15,Net Banking,4.0
ORD00374,Fiction Novel,Books,37303.26,4,149213.04,2025-01-07,COD,2.9
ORD00375,Smartphone,Electronics,11507.22,4,46028.88,2024-04-17,Debit Card,1.4
ORD00376,Table Lamp,Home & Kitchen,48710.25,1,48710.25,2024-10-06,Credit Card,1.7
ORD00377,Educational Book,Books,20075.81,1,20075.81,2024-06-12,Debit Card,4.9
ORD00378,Comic Book,Books,8448.77,2,16897.54,2024-05-12,UPI,3.8
ORD00379,Sneakers,Clothing,29310.76,4,117243.04,2024-07-03,Wallet,4.4
ORD00380,Educational Book,Books,708.78,4,2835.12,2024-11-29,COD,2.0
ORD00381,Jacket,Clothing,24062.33,4,96249.32,2025-01-19,Debit Card,1.1
ORD00382,Sneakers,Clothing,27827.66,1,27827.66,2024-06-18,COD,4.5
ORD00383,Smartwatch,Electronics,40862.87,2,81725.74,2024-05-22,Debit Card,1.4
ORD00384,Sneakers,Clothing,11399.26,2,22798.52,2024-02-17,Net Banking,1.0
ORD00385,Hair Dryer,Beauty,5463.13,1,5463.13,2024-06-30,Debit Card,3.9
ORD00386,Comic Book,Books,8644.99,5,43224.95,2024-07-17,Debit Card,4.3
ORD00387,Headphones,Electronics,27481.15,2,54962.3,2024-10-27,COD,3.2
ORD00388,Self-Help Book,Books,47819.23,4,191276.92,2024-06-03,Wallet,1.1
ORD00389,Lipstick,Beauty,7145.81,4,28583.24,2024-03-09,Wallet,1.9
ORD00390,Headphones,Electronics,29847.4,3,89542.2,2024-06-04,Debit Card,2.9
ORD00391,Lipstick,Beauty,11186.35,2,22372.7,2024-10-28,COD,1.1
ORD00392,Educational Book,Books,36535.74,3,109607.22,2024-07-02,UPI,1.2
ORD00393,Sneakers,Clothing,12046.9,3,36140.7,2025-01-05,COD,3.2
ORD00394,Hair Dryer,Beauty,7043.51,4,28174.04,2024-03-12,UPI,2.3
ORD00395,Sneakers,Clothing,34369.57,4,137478.28,2024-07-31,Net Banking,1.6
ORD00396,Sneakers,Clothing,4827.49,3,14482.47,2024-03-10,Debit Card,4.2
ORD00397,Lipstick,Beauty,14851.66,2,29703.32,2025-01-08,Debit Card,1.9
ORD00398,Jacket,Clothing,40248.27,3,120744.81,2024-04-19,Wallet,3.9
ORD00399,Jeans,Clothing,37135.36,2,74270.72,2024-12-23,Net Banking,3.0
ORD00400,Shampoo,Beauty,25794.78,5,128973.9,2024-08-13,Debit Card,1.0
ORD00401,Shampoo,Beauty,47564.29,3,142692.87,2024-05-23,Net Banking,3.5
ORD00402,Mixer Grinder,Home & Kitchen,5500.92,3,16502.76,2024-07-27,Debit Card,2.3
ORD00403,Comic Book,Books,904.29,2,1808.58,2024-05-01,Debit Card,3.5
ORD00404,Smartwatch,Electronics,25035.46,2,50070.92,2024-04-15,Debit Card,4.5
ORD00405,Sneakers,Clothing,30156.36,5,150781.8,2025-01-06,UPI,4.4
ORD00406,Jacket,Clothing,42189.9,1,42189.9,2025-01-12,Credit Card,3.4
ORD00407,Jeans,Clothing,41122.81,2,82245.62,2024-12-10,Net Banking,4.8
ORD00408,T-Shirt,Clothing,21705.78,1,21705.78,2024-10-05,COD,1.1
ORD00409,Headphones,Electronics,28391.65,3,85174.95,2024-12-11,Debit Card,2.5
ORD00410,Mixer Grinder,Home & Kitchen,40031.86,2,80063.72,2024-12-16,COD,1.9
ORD00411,Mixer Grinder,Home & Kitchen,41248.02,4,164992.08,2025-01-12,Credit Card,2.6
ORD00412,Shampoo,Beauty,35325.38,2,70650.76,2024-05-18,UPI,4.1
ORD00413,Mixer Grinder,Home & Kitchen,45866.22,1,45866.22,2024-12-09,COD,3.9
ORD00414,Dress,Clothing,42975.36,4,171901.44,2024-08-18,COD,3.3
ORD00415,Tablet,Electronics,7532.86,5,37664.3,2025-02-07,UPI,1.5
ORD00416,Face Cream,Beauty,39931.75,4,159727.0,2024-04-19,Credit Card,2.4
ORD00417,Headphones,Electronics,20760.44,4,83041.76,2024-03-10,COD,2.4
ORD00418,T-Shirt,Clothing,29466.3,5,147331.5,2024-07-23,Net Banking,1.3
ORD00419,Face Cream,Beauty,756.85,3,2270.55,2024-11-04,UPI,4.8
ORD00420,Smartwatch,Electronics,43711.45,4,174845.8,2024-06-27,Wallet,4.5
ORD00421,Comic Book,Books,1134.78,2,2269.56,2024-06-09,Debit Card,3.9
ORD00422,Sofa Cover,Home & Kitchen,6859.0,3,20577.0,2024-10-05,Net Banking,1.6
ORD00423,Self-Help Book,Books,28818.74,3,86456.22,2024-06-27,Debit Card,1.4
ORD00424,Laptop,Electronics,25233.95,4,100935.8,2024-10-25,COD,4.1
ORD00425,Educational Book,Books,28577.34,1,28577.34,2024-08-20,UPI,2.7
ORD00426,Bedsheet,Home & Kitchen,7322.87,3,21968.61,2024-02-22,COD,5.0
ORD00427,Fiction Novel,Books,25144.48,4,100577.92,2024-05-05,Net Banking,1.3
ORD00428,Mixer Grinder,Home & Kitchen,16289.17,5,81445.85,2024-11-14,Net Banking,2.6
ORD00429,Comic Book,Books,24973.13,3,74919.39,2024-12-08,Debit Card,3.2
ORD00430,Cookware Set,Home & Kitchen,5804.38,2,11608.76,2024-05-16,COD,2.2
ORD00431,Jeans,Clothing,43502.85,1,43502.85,2024-03-13,Net Banking,4.2
ORD00432,Smartphone,Electronics,46770.01,5,233850.05,2024-04-10,Net Banking,2.9
ORD00433,Laptop,Electronics,38160.98,2,76321.96,2024-03-31,Debit Card,4.0
ORD00434,Headphones,Electronics,14797.27,2,29594.54,2025-01-25,UPI,3.4
ORD00435,Shampoo,Beauty,16951.57,5,84757.85,2024-03-28,Wallet,2.0
ORD00436,Smartphone,Electronics,20087.65,2,40175.3,2024-10-27,Wallet,2.7
ORD00437,Face Cream,Beauty,45544.54,4,182178.16,2024-04-23,COD,3.0
ORD00438,Shampoo,Beauty,4986.9,1,4986.9,2024-12-23,COD,4.4
ORD00439,Bedsheet,Home & Kitchen,37890.56,1,37890.56,2024-06-30,COD,2.4
ORD00440,Tablet,Electronics,26947.54,2,53895.08,2024-06-05,Net Banking,4.1
ORD00441,Headphones,Electronics,16929.74,3,50789.22,2024-03-17,Wallet,1.5
ORD00442,Smartphone,Electronics,30310.92,3,90932.76,2024-04-20,UPI,3.5
ORD00443,Educational Book,Books,33643.5,5,168217.5,2024-06-16,UPI,4.2
ORD00444,Cookbook,Books,27847.81,3,83543.43,2024-09-16,Net Banking,4.3
ORD00445,Educational Book,Books,19055.03,3,57165.09,2024-08-25,Credit Card,4.3
ORD00446,Self-Help Book,Books,24012.7,1,24012.7,2024-11-26,Credit Card,4.8
ORD00447,Sneakers,Clothing,8182.19,2,16364.38,2024-08-04,COD,4.2
ORD00448,Hair Dryer,Beauty,35810.63,4,143242.52,2024-04-06,UPI,1.2
ORD00449,T-Shirt,Clothing,23433.86,1,23433.86,2024-08-17,COD,3.8
ORD00450,Tablet,Electronics,42946.11,4,171784.44,2024-08-31,UPI,3.2
ORD00451,Sneakers,Clothing,3995.44,4,15981.76,2024-05-26,Debit Card,4.0
ORD00452,Face Cream,Beauty,38728.75,1,38728.75,2024-10-05,Wallet,4.0
ORD00453,Jacket,Clothing,46205.47,3,138616.41,2024-09-07,Credit Card,2.7
ORD00454,Jeans,Clothing,7631.48,3,22894.44,2024-07-18,Debit Card,3.0
ORD00455,Comic Book,Books,4581.73,4,18326.92,2024-05-24,Credit Card,3.4
ORD00456,Tablet,Electronics,9761.64,3,29284.92,2024-08-27,Wallet,2.5
ORD00457,Hair Dryer,Beauty,1582.84,3,4748.52,2024-09-10,Debit Card,2.9
ORD00458,Laptop,Electronics,8902.26,5,44511.3,2025-01-08,Debit Card,2.4
ORD00459,Sofa Cover,Home & Kitchen,1549.63,1,1549.63,2024-11-27,COD,3.0
ORD00460,Educational Book,Books,23520.5,5,117602.5,2024-04-26,Debit Card,1.2
ORD00461,Face Cream,Beauty,18729.61,1,18729.61,2024-04-03,COD,1.0
ORD00462,Self-Help Book,Books,18085.73,3,54257.19,2024-07-12,Net Banking,4.1
ORD00463,Lipstick,Beauty,29844.59,3,89533.77,2024-06-28,Credit Card,3.9
ORD00464,Tablet,Electronics,12964.52,2,25929.04,2024-11-23,Wallet,2.7
ORD00465,Tablet,Electronics,43431.64,5,217158.2,2024-06-20,Credit Card,4.4
ORD00466,Smartwatch,Electronics,31005.06,4,124020.24,2024-07-22,Net Banking,4.0
ORD00467,Face Cream,Beauty,16010.24,3,48030.72,2024-11-21,Net Banking,1.6
ORD00468,Headphones,Electronics,18451.91,5,92259.55,2024-09-12,UPI,4.9
ORD00469,Smartwatch,Electronics,31793.09,4,127172.36,2024-02-19,COD,4.8
ORD00470,T-Shirt,Clothing,36666.62,4,146666.48,2024-09-28,Net Banking,2.1
ORD00471,Smartphone,Electronics,38681.26,1,38681.26,2024-07-17,COD,2.0
ORD00472,Cookware Set,Home & Kitchen,29493.06,3,88479.18,2024-07-24,Credit Card,4.2
ORD00473,Bedsheet,Home & Kitchen,30009.2,2,60018.4,2024-06-13,Debit Card,3.0
ORD00474,T-Shirt,Clothing,23089.32,2,46178.64,2024-09-29,Net Banking,3.1
ORD00475,Sofa Cover,Home & Kitchen,32460.13,4,129840.52,2024-04-28,Credit Card,3.7
ORD00476,Smartwatch,Electronics,29509.14,3,88527.42,2024-12-15,Net Banking,4.1
ORD00477,Educational Book,Books,5528.69,3,16586.07,2024-09-11,Debit Card,4.2
ORD00478,Fiction Novel,Books,11864.67,5,59323.35,2024-09-13,Net Banking,2.8
ORD00479,Sofa Cover,Home & Kitchen,14273.74,2,28547.48,2024-12-19,Net Banking,3.8
ORD00480,Educational Book,Books,26806.06,3,80418.18,2024-07-19,Wallet,4.3
ORD00481,Jacket,Clothing,18757.07,4,75028.28,2024-11-16,UPI,4.2
ORD00482,Self-Help Book,Books,19661.09,4,78644.36,2024-06-01,Net Banking,2.5
ORD00483,Self-Help Book,Books,27434.25,1,27434.25,2024-03-02,COD,3.8
ORD00484,Educational Book,Books,6322.42,4,25289.68,2024-08-30,UPI,4.0
ORD00485,Comic Book,Books,4316.82,2,8633.64,2024-05-02,Credit Card,3.6
ORD00486,Dress,Clothing,45426.39,4,181705.56,2024-10-31,Net Banking,2.8
ORD00487,Laptop,Electronics,14971.45,3,44914.35,2024-06-02,UPI,4.5
ORD00488,Bedsheet,Home & Kitchen,12245.12,2,24490.24,2024-08-27,COD,4.5
ORD00489,Cookbook,Books,48405.89,4,193623.56,2024-03-31,Wallet,4.9
ORD00490,Hair Dryer,Beauty,12757.67,5,63788.35,2024-11-19,UPI,3.3
ORD00491,Dress,Clothing,33071.09,2,66142.18,2024-10-05,COD,3.5
ORD00492,Hair Dryer,Beauty,4869.56,1,4869.56,2024-04-04,UPI,1.9
ORD00493,T-Shirt,Clothing,45127.31,4,180509.24,2025-01-15,COD,4.2
ORD00494,Bedsheet,Home & Kitchen,8867.72,1,8867.72,2024-10-01,Net Banking,4.3
ORD00495,Cookware Set,Home & Kitchen,31749.94,1,31749.94,2024-05-25,COD,3.1
ORD00496,Shampoo,Beauty,40944.77,2,81889.54,2024-11-03,Credit Card,2.9
ORD00497,Table Lamp,Home & Kitchen,20859.61,4,83438.44,2024-04-24,Wallet,4.9
ORD00498,Educational Book,Books,6884.74,5,34423.7,2024-08-12,Net Banking,1.4
ORD00499,Jeans,Clothing,40238.5,3,120715.5,2024-07-21,Wallet,3.9
ORD00500,Smartphone,Electronics,10422.28,5,52111.4,2024-06-26,Net Banking,3.5
ORD00501,Self-Help Book,Books,13862.56,1,13862.56,2024-12-31,Wallet,1.6
ORD00502,Face Cream,Beauty,35911.22,4,143644.88,2024-09-12,Credit Card,4.1
ORD00503,Jacket,Clothing,16523.69,3,49571.07,2024-08-17,Credit Card,2.8
ORD00504,Lipstick,Beauty,6566.03,5,32830.15,2024-04-20,COD,2.6
ORD00505,Bedsheet,Home & Kitchen,18799.05,3,56397.15,2025-02-01,UPI,4.3
ORD00506,Headphones,Electronics,8436.71,5,42183.55,2024-04-13,Wallet,4.9
ORD00507,Cookware Set,Home & Kitchen,19380.5,4,77522.0,2024-06-23,UPI,3.3
ORD00508,Lipstick,Beauty,20228.05,3,60684.15,2025-02-01,UPI,1.2
ORD00509,Laptop,Electronics,28606.86,5,143034.3,2024-08-16,UPI,4.8
ORD00510,Fiction Novel,Books,16803.76,4,67215.04,2024-05-26,Wallet,4.0
ORD00511,Face Cream,Beauty,18093.34,5,90466.7,2025-01-21,Credit Card,4.2
ORD00512,Tablet,Electronics,31737.13,5,158685.65,2024-04-12,Net Banking,4.0
ORD00513,Lipstick,Beauty,49861.17,3,149583.51,2024-09-24,UPI,2.5
ORD00514,Educational Book,Books,21233.35,1,21233.35,2024-09-02,COD,1.7
ORD00515,Sofa Cover,Home & Kitchen,776.91,5,3884.55,2024-07-16,COD,4.2
ORD00516,Lipstick,Beauty,25542.71,1,25542.71,2024-12-14,UPI,2.2
ORD00517,Sneakers,Clothing,10818.28,5,54091.4,2024-07-22,UPI,1.6
ORD00518,Tablet,Electronics,45801.19,5,229005.95,2024-10-24,Credit Card,2.4
ORD00519,Face Cream,Beauty,6963.56,2,13927.12,2024-12-06,Debit Card,3.3
ORD00520,Smartphone,Electronics,37082.11,1,37082.11,2024-06-12,UPI,4.4
ORD00521,Cookbook,Books,6842.69,1,6842.69,2024-06-04,UPI,3.6
ORD00522,Perfume,Beauty,7283.96,1,7283.96,2024-04-08,COD,2.0
ORD00523,Cookware Set,Home & Kitchen,218.58,5,1092.9,2024-04-20,Wallet,4.8
ORD00524,Laptop,Electronics,38689.7,3,116069.1,2024-09-28,Debit Card,1.9
ORD00525,Table Lamp,Home & Kitchen,8863.97,2,17727.94,2024-09-26,UPI,4.5
ORD00526,Sneakers,Clothing,12472.17,5,62360.85,2024-04-23,UPI,1.9
ORD00527,Jeans,Clothing,8734.44,1,8734.44,2024-10-26,Debit Card,2.5
ORD00528,Perfume,Beauty,32422.04,5,162110.2,2024-02-18,Net Banking,1.9
ORD00529,Laptop,Electronics,45532.34,5,227661.7,2024-04-28,Credit Card,3.6
ORD00530,Face Cream,Beauty,22534.8,4,90139.2,2024-08-30,COD,1.4
ORD00531,Self-Help Book,Books,26058.55,1,26058.55,2024-10-28,UPI,2.0
ORD00532,Bedsheet,Home & Kitchen,13348.84,2,26697.68,2024-07-27,COD,4.2
ORD00533,Table Lamp,Home & Kitchen,46792.3,1,46792.3,2024-06-16,Credit Card,4.9
ORD00534,Sofa Cover,Home & Kitchen,15764.25,4,63057.0,2024-05-12,COD,4.0
ORD00535,Smartwatch,Electronics,45019.0,5,225095.0,2025-01-07,COD,4.7
ORD00536,Dress,Clothing,42794.4,4,171177.6,2024-06-25,COD,4.6
ORD00537,Educational Book,Books,492.53,1,492.53,2024-04-15,Credit Card,4.4
ORD00538,Sofa Cover,Home & Kitchen,30721.51,4,122886.04,2024-07-28,Wallet,3.4
ORD00539,Cookware Set,Home & Kitchen,17162.64,3,51487.92,2024-07-12,COD,4.7
ORD00540,Cookbook,Books,45888.54,3,137665.62,2024-04-08,Credit Card,2.0
ORD00541,Table Lamp,Home & Kitchen,49052.43,3,147157.29,2024-12-02,Debit Card,4.5
ORD00542,Sofa Cover,Home & Kitchen,2435.97,1,2435.97,2024-03-30,Credit Card,2.3
ORD00543,Table Lamp,Home & Kitchen,48128.02,4,192512.08,2024-05-13,Wallet,3.2
ORD00544,Perfume,Beauty,47111.56,5,235557.8,2024-04-30,UPI,2.9
ORD00545,Educational Book,Books,8091.3,5,40456.5,2024-08-14,Credit Card,2.0
ORD00546,Bedsheet,Home & Kitchen,43217.1,5,216085.5,2024-12-18,Debit Card,2.6
ORD00547,Jacket,Clothing,35592.76,2,71185.52,2024-05-06,Debit Card,4.6
ORD00548,Hair Dryer,Beauty,9534.89,5,47674.45,2024-07-14,Net Banking,4.2
ORD00549,Shampoo,Beauty,46990.87,4,187963.48,2024-04-02,COD,1.7
ORD00550,Table Lamp,Home & Kitchen,31137.03,5,155685.15,2024-12-29,Credit Card,2.6
ORD00551,Laptop,Electronics,35821.16,4,143284.64,2025-02-07,Debit Card,2.1
ORD00552,Shampoo,Beauty,28156.95,5,140784.75,2024-05-06,UPI,2.7
ORD00553,Lipstick,Beauty,9335.19,2,18670.38,2024-11-28,COD,3.9
ORD00554,T-Shirt,Clothing,25114.77,2,50229.54,2024-08-07,COD,3.6
ORD00555,Lipstick,Beauty,19961.03,3,59883.09,2024-11-28,Credit Card,2.9
ORD00556,Laptop,Electronics,38488.04,2,76976.08,2024-08-04,UPI,1.1
ORD00557,Perfume,Beauty,20202.56,5,101012.8,2024-05-17,Credit Card,3.6
ORD00558,Headphones,Electronics,39008.37,3,117025.11,2024-09-21,Net Banking,2.2
ORD00559,Perfume,Beauty,9946.27,1,9946.27,2024-12-19,Credit Card,1.1
ORD00560,T-Shirt,Clothing,7994.76,5,39973.8,2024-09-23,Debit Card,1.5
ORD00561,Cookware Set,Home & Kitchen,6341.62,3,19024.86,2024-12-06,Credit Card,4.4
ORD00562,Jeans,Clothing,37503.57,4,150014.28,2024-04-03,COD,1.8
ORD00563,Fiction Novel,Books,36760.35,1,36760.35,2024-08-27,Credit Card,1.5
ORD00564,Jacket,Clothing,38023.86,5,190119.3,2024-07-22,Credit Card,2.1
ORD00565,Dress,Clothing,17983.34,1,17983.34,2024-02-20,COD,1.5
ORD00566,Bedsheet,Home & Kitchen,25457.34,5,127286.7,2024-05-11,UPI,4.3
ORD00567,Self-Help Book,Books,26220.67,4,104882.68,2024-04-30,Net Banking,3.3
ORD00568,Educational Book,Books,48670.07,1,48670.07,2025-02-01,UPI,4.2
ORD00569,Smartphone,Electronics,12197.36,5,60986.8,2025-01-10,Debit Card,3.5
ORD00570,Tablet,Electronics,14488.22,4,57952.88,2024-12-25,Net Banking,2.7
ORD00571,Table Lamp,Home & Kitchen,33547.94,2,67095.88,2025-01-15,Net Banking,1.1
ORD00572,Sneakers,Clothing,4800.26,5,24001.3,2024-03-23,UPI,2.2
ORD00573,Cookware Set,Home & Kitchen,36429.57,4,145718.28,2024-04-08,Credit Card,4.6
ORD00574,Tablet,Electronics,29775.43,4,119101.72,2024-02-17,Debit Card,4.6
ORD00575,Perfume,Beauty,10736.32,3,32208.96,2024-07-15,UPI,3.7
ORD00576,Self-Help Book,Books,8005.02,5,40025.1,2024-05-10,UPI,2.5
ORD00577,Perfume,Beauty,32078.48,3,96235.44,2024-03-27,Credit Card,4.5
ORD00578,Smartwatch,Electronics,31277.18,1,31277.18,2024-09-10,Debit Card,3.0
ORD00579,Headphones,Electronics,31094.13,1,31094.13,2024-11-03,UPI,2.7
ORD00580,Comic Book,Books,15881.67,4,63526.68,2025-01-19,Wallet,4.3
ORD00581,Jacket,Clothing,16129.77,4,64519.08,2024-06-19,Debit Card,1.0
ORD00582,Hair Dryer,Beauty,39478.69,5,197393.45,2024-11-24,Credit Card,2.7
ORD00583,Comic Book,Books,29635.8,3,88907.4,2025-01-16,Credit Card,1.2
ORD00584,Smartwatch,Electronics,7892.27,2,15784.54,2024-05-02,Net Banking,1.1
ORD00585,Tablet,Electronics,45112.24,3,135336.72,2024-11-13,Wallet,4.7
ORD00586,Jeans,Clothing,26527.78,4,106111.12,2024-02-15,Net Banking,3.7
ORD00587,Cookware Set,Home & Kitchen,37170.4,5,185852.0,2024-05-08,Debit Card,3.7
ORD00588,Jeans,Clothing,47535.79,5,237678.95,2024-02-15,Debit Card,1.8
ORD00589,Bedsheet,Home & Kitchen,30252.89,4,121011.56,2024-12-16,Wallet,4.1
ORD00590,Sneakers,Clothing,3126.9,3,9380.7,2024-10-30,COD,1.9
ORD00591,Self-Help Book,Books,40295.47,3,120886.41,2024-04-29,UPI,2.8
ORD00592,Perfume,Beauty,462.0,4,1848.0,2024-06-18,COD,3.4
ORD00593,Lipstick,Beauty,22475.54,3,67426.62,2024-03-15,UPI,1.6
ORD00594,Headphones,Electronics,19218.55,2,38437.1,2024-09-20,Wallet,4.5
ORD00595,Smartwatch,Electronics,31162.39,5,155811.95,2024-04-16,Credit Card,3.4
ORD00596,Hair Dryer,Beauty,16017.54,1,16017.54,2024-06-15,UPI,3.5
ORD00597,Cookware Set,Home & Kitchen,19008.81,4,76035.24,2024-07-05,COD,4.2
ORD00598,Headphones,Electronics,22353.43,3,67060.29,2024-12-02,Debit Card,1.3
ORD00599,Mixer Grinder,Home & Kitchen,30122.28,5,150611.4,2025-01-30,UPI,4.8
ORD00600,Tablet,Electronics,7289.72,5,36448.6,2024-05-29,Wallet,1.9
ORD00601,Smartwatch,Electronics,32122.43,4,128489.72,2024-02-22,COD,2.8
ORD00602,Sneakers,Clothing,43852.34,3,131557.02,2024-04-24,Net Banking,4.2
ORD00603,Bedsheet,Home & Kitchen,23005.86,1,23005.86,2024-07-18,Credit Card,4.8
ORD00604,Sneakers,Clothing,48580.6,1,48580.6,2024-10-09,UPI,3.0
ORD00605,Face Cream,Beauty,10320.87,5,51604.35,2025-02-05,Wallet,2.8
ORD00606,Cookware Set,Home & Kitchen,43149.24,1,43149.24,2024-07-06,UPI,1.9
ORD00607,Self-Help Book,Books,567.81,4,2271.24,2025-01-17,Wallet,4.5
ORD00608,Comic Book,Books,6705.43,5,33527.15,2024-09-01,Wallet,4.5
ORD00609,T-Shirt,Clothing,29974.35,5,149871.75,2025-01-01,Wallet,3.1
ORD00610,Tablet,Electronics,5739.3,4,22957.2,2024-07-15,Credit Card,4.6
ORD00611,Jeans,Clothing,21417.72,4,85670.88,2024-07-20,Debit Card,4.5
ORD00612,Table Lamp,Home & Kitchen,25404.68,4,101618.72,2025-01-11,Credit Card,4.6
ORD00613,Mixer Grinder,Home & Kitchen,27582.01,2,55164.02,2024-02-13,Debit Card,1.5
ORD00614,Bedsheet,Home & Kitchen,23584.89,3,70754.67,2024-07-07,Wallet,4.1
ORD00615,Educational Book,Books,24444.89,3,73334.67,2024-08-29,Wallet,1.2
ORD00616,Dress,Clothing,8080.22,2,16160.44,2024-03-07,Debit Card,3.6
ORD00617,Lipstick,Beauty,27860.8,2,55721.6,2024-07-14,Credit Card,2.6
ORD00618,Fiction Novel,Books,30468.47,3,91405.41,2024-06-27,Credit Card,1.7
ORD00619,Lipstick,Beauty,7718.78,1,7718.78,2024-12-28,Debit Card,1.1
ORD00620,Face Cream,Beauty,34866.42,1,34866.42,2024-12-18,COD,3.6
ORD00621,Sneakers,Clothing,5369.5,1,5369.5,2024-10-09,COD,3.2
ORD00622,Perfume,Beauty,18338.76,5,91693.8,2024-02-15,Wallet,4.0
ORD00623,Headphones,Electronics,48287.49,4,193149.96,2024-11-28,UPI,1.1
ORD00624,T-Shirt,Clothing,18161.01,4,72644.04,2024-07-13,Credit Card,2.3
ORD00625,Jeans,Clothing,21064.01,3,63192.03,2024-07-14,Net Banking,1.9
ORD00626,Fiction Novel,Books,8598.22,5,42991.1,2025-02-07,UPI,1.4
ORD00627,Smartwatch,Electronics,27897.4,2,55794.8,2024-11-05,COD,1.8
ORD00628,Lipstick,Beauty,3153.16,2,6306.32,2024-08-27,Net Banking,4.4
ORD00629,Headphones,Electronics,25634.9,1,25634.9,2024-10-01,Net Banking,4.3
ORD00630,Smartphone,Electronics,9427.83,3,28283.49,2024-06-14,Net Banking,4.2
ORD00631,Shampoo,Beauty,22564.13,1,22564.13,2024-10-10,Wallet,3.2
ORD00632,Sneakers,Clothing,47288.95,1,47288.95,2025-01-10,Wallet,3.1
ORD00633,Educational Book,Books,24537.79,3,73613.37,2024-10-09,Credit Card,1.6
ORD00634,Smartwatch,Electronics,22226.76,5,111133.8,2024-06-15,Debit Card,4.7
ORD00635,Hair Dryer,Beauty,14103.34,2,28206.68,2024-06-23,COD,1.6
ORD00636,Sofa Cover,Home & Kitchen,19376.32,1,19376.32,2024-09-22,UPI,4.5
ORD00637,Educational Book,Books,41619.15,1,41619.15,2024-05-11,Debit Card,4.9
ORD00638,Cookware Set,Home & Kitchen,14084.61,3,42253.83,2024-09-15,Wallet,4.9
ORD00639,Smartwatch,Electronics,25935.66,5,129678.3,2024-12-23,Debit Card,3.7
ORD00640,Smartwatch,Electronics,30657.64,5,153288.2,2024-12-10,Net Banking,4.8
ORD00641,Dress,Clothing,13596.18,3,40788.54,2024-07-06,Credit Card,2.9
ORD00642,Hair Dryer,Beauty,28379.75,5,141898.75,2024-12-03,COD,4.4
ORD00643,Dress,Clothing,12422.09,2,24844.18,2024-04-05,COD,3.4
ORD00644,Shampoo,Beauty,18747.94,1,18747.94,2024-10-31,Net Banking,2.2
ORD00645,Smartwatch,Electronics,35524.56,1,35524.56,2024-08-08,UPI,2.0
ORD00646,T-Shirt,Clothing,36454.63,1,36454.63,2024-06-21,UPI,4.3
ORD00647,Laptop,Electronics,23249.27,3,69747.81,2024-09-28,Credit Card,2.2
ORD00648,Shampoo,Beauty,48842.53,1,48842.53,2024-05-12,Net Banking,2.7
ORD00649,Tablet,Electronics,21881.01,1,21881.01,2024-05-11,Wallet,3.5
ORD00650,Educational Book,Books,38964.36,5,194821.8,2024-10-29,Wallet,3.9
ORD00651,Sofa Cover,Home & Kitchen,1435.38,4,5741.52,2024-03-24,UPI,2.0
ORD00652,Laptop,Electronics,2536.16,5,12680.8,2024-05-18,COD,1.8
ORD00653,Headphones,Electronics,21992.38,5,109961.9,2024-07-28,Debit Card,3.9
ORD00654,Lipstick,Beauty,20194.2,2,40388.4,2024-10-16,Debit Card,3.1
ORD00655,Jacket,Clothing,18789.81,3,56369.43,2024-04-25,Debit Card,2.0
ORD00656,Laptop,Electronics,33027.63,2,66055.26,2024-08-31,COD,1.5
ORD00657,Shampoo,Beauty,44953.24,5,224766.2,2024-07-27,Wallet,1.1
ORD00658,Jacket,Clothing,47047.23,5,235236.15,2024-11-17,Wallet,3.0
ORD00659,Headphones,Electronics,34358.78,3,103076.34,2024-09-28,Net Banking,2.4
ORD00660,Lipstick,Beauty,12779.59,5,63897.95,2024-11-24,Credit Card,2.8
ORD00661,Cookbook,Books,30878.47,5,154392.35,2024-07-11,UPI,2.5
ORD00662,Face Cream,Beauty,24227.24,1,24227.24,2024-03-01,Debit Card,2.7
ORD00663,Jeans,Clothing,15282.31,4,61129.24,2024-06-17,Net Banking,2.1
ORD00664,Lipstick,Beauty,46933.96,1,46933.96,2024-06-03,Debit Card,2.5
ORD00665,Perfume,Beauty,14622.12,1,14622.12,2025-01-02,Credit Card,4.9
ORD00666,Cookbook,Books,34830.28,4,139321.12,2024-11-13,Credit Card,2.9
ORD00667,Perfume,Beauty,43118.19,5,215590.95,2025-01-17,Net Banking,4.0
ORD00668,Cookbook,Books,29885.36,3,89656.08,2024-05-04,Debit Card,4.1
ORD00669,Educational Book,Books,7728.33,5,38641.65,2024-06-28,COD,3.9
ORD00670,Cookware Set,Home & Kitchen,36096.74,5,180483.7,2025-01-22,Net Banking,1.8
ORD00671,T-Shirt,Clothing,19275.66,4,77102.64,2024-04-17,Net Banking,1.8
ORD00672,Sofa Cover,Home & Kitchen,15387.59,4,61550.36,2024-09-23,Wallet,1.0
ORD00673,Smartphone,Electronics,23806.64,1,23806.64,2024-03-02,Debit Card,2.5
ORD00674,Hair Dryer,Beauty,28568.97,1,28568.97,2024-07-02,Debit Card,1.0
ORD00675,Laptop,Electronics,40753.52,1,40753.52,2024-03-01,Debit Card,4.2
ORD00676,Tablet,Electronics,38571.81,4,154287.24,2024-03-16,COD,1.2
ORD00677,Smartphone,Electronics,25161.91,5,125809.55,2024-05-04,Wallet,3.4
ORD00678,Perfume,Beauty,12124.19,3,36372.57,2024-11-21,Debit Card,4.7
ORD00679,Educational Book,Books,2013.64,3,6040.92,2024-03-13,UPI,3.8
ORD00680,Bedsheet,Home & Kitchen,6002.25,3,18006.75,2024-10-04,COD,3.5
ORD00681,Self-Help Book,Books,31332.42,4,125329.68,2024-09-08,Credit Card,1.4
ORD00682,Bedsheet,Home & Kitchen,17539.19,1,17539.19,2024-07-07,Wallet,3.9
ORD00683,Fiction Novel,Books,14865.47,2,29730.94,2024-08-23,UPI,1.6
ORD00684,Dress,Clothing,48130.6,5,240653.0,2024-11-23,UPI,4.0
ORD00685,Educational Book,Books,8970.27,3,26910.81,2024-06-21,COD,1.1
ORD00686,Headphones,Electronics,14359.73,2,28719.46,2024-06-22,UPI,4.4
ORD00687,Perfume,Beauty,17009.73,4,68038.92,2024-11-12,Debit Card,3.7
ORD00688,T-Shirt,Clothing,10385.24,2,20770.48,2024-03-22,UPI,4.7
ORD00689,Tablet,Electronics,28261.1,2,56522.2,2025-01-26,Wallet,4.3
ORD00690,Jeans,Clothing,23320.94,2,46641.88,2024-05-02,Wallet,3.2
ORD00691,T-Shirt,Clothing,16038.0,5,80190.0,2024-12-20,Credit Card,2.3
ORD00692,Sneakers,Clothing,43719.71,5,218598.55,2024-11-12,UPI,3.4
ORD00693,Cookbook,Books,19669.48,2,39338.96,2024-05-17,Wallet,2.0
ORD00694,Lipstick,Beauty,27396.01,1,27396.01,2024-03-20,COD,4.9
ORD00695,Jacket,Clothing,13763.17,5,68815.85,2024-05-22,Wallet,3.6
ORD00696,Cookware Set,Home & Kitchen,6421.63,2,12843.26,2024-03-05,Net Banking,1.5
ORD00697,Self-Help Book,Books,4617.2,4,18468.8,2024-03-19,UPI,3.8
ORD00698,T-Shirt,Clothing,6022.31,5,30111.55,2024-08-09,Credit Card,3.5
ORD00699,Face Cream,Beauty,38968.52,4,155874.08,2024-11-04,Net Banking,3.9
ORD00700,Laptop,Electronics,20435.34,5,102176.7,2024-10-17,Credit Card,3.8
ORD00701,Tablet,Electronics,25115.71,2,50231.42,2024-08-18,Wallet,2.5
ORD00702,Headphones,Electronics,36115.48,1,36115.48,2024-04-13,UPI,3.0
ORD00703,Table Lamp,Home & Kitchen,13372.74,2,26745.48,2024-09-08,Wallet,1.7
ORD00704,Educational Book,Books,32472.59,1,32472.59,2024-03-27,Wallet,1.0
ORD00705,Fiction Novel,Books,12097.46,5,60487.3,2024-05-21,COD,4.2
ORD00706,Cookbook,Books,34446.42,3,103339.26,2024-02-27,UPI,2.4
ORD00707,Educational Book,Books,13420.4,4,53681.6,2024-12-26,COD,4.7
ORD00708,Comic Book,Books,20686.94,3,62060.82,2024-12-26,Wallet,4.1
ORD00709,Headphones,Electronics,29418.33,2,58836.66,2024-07-30,COD,3.3
ORD00710,Self-Help Book,Books,6115.91,1,6115.91,2024-05-14,UPI,1.5
ORD00711,Self-Help Book,Books,33404.12,3,100212.36,2024-08-21,Debit Card,2.7
ORD00712,Jeans,Clothing,40046.19,2,80092.38,2024-05-07,UPI,1.2
ORD00713,Self-Help Book,Books,22709.95,2,45419.9,2024-10-24,Credit Card,4.0
ORD00714,Fiction Novel,Books,22315.58,1,22315.58,2024-09-08,UPI,2.6
ORD00715,Jeans,Clothing,47608.93,1,47608.93,2024-02-25,UPI,4.2
ORD00716,Jacket,Clothing,19846.64,1,19846.64,2024-08-09,Net Banking,3.3
ORD00717,Fiction Novel,Books,5975.89,3,17927.67,2024-09-01,UPI,4.8
ORD00718,Fiction Novel,Books,49409.89,4,197639.56,2024-09-26,Net Banking,4.1
ORD00719,Dress,Clothing,13885.05,5,69425.25,2024-10-12,Credit Card,3.5
ORD00720,Shampoo,Beauty,4080.78,3,12242.34,2024-04-08,Credit Card,4.9
ORD00721,Headphones,Electronics,27306.31,3,81918.93,2024-03-18,Credit Card,3.8
ORD00722,Cookware Set,Home & Kitchen,16580.24,5,82901.2,2024-12-02,Net Banking,4.6
ORD00723,Comic Book,Books,12798.83,4,51195.32,2024-11-06,UPI,5.0
ORD00724,Educational Book,Books,18574.12,1,18574.12,2024-10-14,Wallet,3.3
ORD00725,Cookware Set,Home & Kitchen,30836.98,4,123347.92,2024-02-14,Wallet,1.1
ORD00726,Sneakers,Clothing,48620.13,4,194480.52,2024-07-21,Debit Card,1.9
ORD00727,Cookbook,Books,16390.44,2,32780.88,2024-08-12,Credit Card,4.2
ORD00728,Face Cream,Beauty,18862.01,3,56586.03,2024-12-10,Wallet,3.0
ORD00729,Smartwatch,Electronics,11448.28,1,11448.28,2024-08-04,Net Banking,3.6
ORD00730,Hair Dryer,Beauty,24384.05,2,48768.1,2024-07-26,Debit Card,3.0
ORD00731,Perfume,Beauty,18179.43,1,18179.43,2024-03-20,Wallet,4.3
ORD00732,Cookware Set,Home & Kitchen,22430.51,1,22430.51,2024-09-19,Credit Card,4.5
ORD00733,Sofa Cover,Home & Kitchen,10241.78,2,20483.56,2025-01-15,Wallet,3.7
ORD00734,Dress,Clothing,17800.74,3,53402.22,2024-11-05,Wallet,2.9
ORD00735,Comic Book,Books,16174.96,5,80874.8,2024-02-19,Credit Card,4.9
ORD00736,Cookware Set,Home & Kitchen,2370.61,5,11853.05,2024-06-08,Debit Card,3.1
ORD00737,Hair Dryer,Beauty,139.85,3,419.55,2024-09-14,UPI,2.0
ORD00738,Smartwatch,Electronics,2519.18,1,2519.18,2024-12-01,Net Banking,2.4
ORD00739,Hair Dryer,Beauty,32626.32,4,130505.28,2024-10-21,UPI,2.9
ORD00740,Smartphone,Electronics,14636.55,3,43909.65,2024-05-09,Credit Card,3.6
ORD00741,Face Cream,Beauty,19549.44,5,97747.2,2024-08-07,Wallet,1.7
ORD00742,Headphones,Electronics,37195.73,2,74391.46,2024-11-28,UPI,2.7
ORD00743,Sofa Cover,Home & Kitchen,34821.93,3,104465.79,2024-10-20,Credit Card,4.4
ORD00744,Lipstick,Beauty,28630.92,4,114523.68,2025-01-18,Credit Card,4.2
ORD00745,T-Shirt,Clothing,25059.36,5,125296.8,2024-03-07,UPI,2.4
ORD00746,Sofa Cover,Home & Kitchen,47795.34,1,47795.34,2024-12-13,COD,2.3
ORD00747,Sneakers,Clothing,36918.2,4,147672.8,2024-02-28,Wallet,3.2
ORD00748,Lipstick,Beauty,3394.38,3,10183.14,2024-06-26,UPI,3.5
ORD00749,Smartphone,Electronics,11142.38,5,55711.9,2024-08-07,Credit Card,3.3
ORD00750,Cookware Set,Home & Kitchen,18602.85,5,93014.25,2024-10-25,UPI,4.3
ORD00751,Jacket,Clothing,13557.11,5,67785.55,2024-05-25,Net Banking,1.3
ORD00752,Mixer Grinder,Home & Kitchen,13559.18,1,13559.18,2024-08-11,Debit Card,1.0
ORD00753,Tablet,Electronics,41926.03,2,83852.06,2025-02-01,COD,3.6
ORD00754,Lipstick,Beauty,12930.46,4,51721.84,2024-12-30,Net Banking,1.9
ORD00755,Laptop,Electronics,37355.59,3,112066.77,2024-07-08,Wallet,1.7
ORD00756,Lipstick,Beauty,18385.32,5,91926.6,2024-05-15,UPI,3.8
ORD00757,Cookbook,Books,5299.58,4,21198.32,2024-08-27,Debit Card,2.8
ORD00758,Educational Book,Books,7649.41,4,30597.64,2024-04-16,UPI,1.6
ORD00759,Mixer Grinder,Home & Kitchen,36950.98,4,147803.92,2024-10-07,Debit Card,3.0
ORD00760,Comic Book,Books,2136.99,1,2136.99,2024-09-07,Net Banking,2.2
ORD00761,Sofa Cover,Home & Kitchen,19693.93,5,98469.65,2024-04-13,Wallet,1.9
ORD00762,Sofa Cover,Home & Kitchen,16179.61,2,32359.22,2024-11-11,Debit Card,2.7
ORD00763,Educational Book,Books,45910.23,4,183640.92,2024-12-26,Net Banking,1.6
ORD00764,Lipstick,Beauty,6685.9,2,13371.8,2024-02-20,Debit Card,2.0
ORD00765,Self-Help Book,Books,2258.89,3,6776.67,2024-09-12,Wallet,2.0
ORD00766,Educational Book,Books,25282.52,1,25282.52,2024-09-06,Credit Card,4.5
ORD00767,Shampoo,Beauty,11461.72,5,57308.6,2024-11-06,Debit Card,3.0
ORD00768,Shampoo,Beauty,17915.6,4,71662.4,2024-08-28,UPI,1.8
ORD00769,Lipstick,Beauty,22703.03,2,45406.06,2024-05-06,Net Banking,5.0
ORD00770,Headphones,Electronics,42210.82,2,84421.64,2024-03-24,Wallet,2.8
ORD00771,Sofa Cover,Home & Kitchen,7355.5,3,22066.5,2025-01-27,Net Banking,2.0
ORD00772,Table Lamp,Home & Kitchen,13879.0,1,13879.0,2024-06-12,COD,2.5
ORD00773,Sofa Cover,Home & Kitchen,42604.95,5,213024.75,2024-07-11,Net Banking,3.0
ORD00774,Smartwatch,Electronics,31265.89,1,31265.89,2024-06-20,UPI,4.9
ORD00775,Dress,Clothing,20020.83,5,100104.15,2024-09-01,Credit Card,1.8
ORD00776,Cookbook,Books,24680.19,3,74040.57,2024-05-21,COD,3.5
ORD00777,Lipstick,Beauty,22254.17,4,89016.68,2024-04-14,Debit Card,3.8
ORD00778,Fiction Novel,Books,4226.03,1,4226.03,2024-09-07,Debit Card,2.8
ORD00779,Bedsheet,Home & Kitchen,46315.8,3,138947.4,2024-05-24,Wallet,2.4
ORD00780,Smartwatch,Electronics,1320.32,3,3960.96,2025-01-08,Wallet,2.0
ORD00781,Cookbook,Books,9772.82,4,39091.28,2024-11-04,UPI,3.1
ORD00782,Comic Book,Books,47666.18,1,47666.18,2024-02-12,UPI,2.3
ORD00783,Jeans,Clothing,7673.62,2,15347.24,2024-06-13,COD,4.6
ORD00784,Sofa Cover,Home & Kitchen,41671.06,2,83342.12,2025-02-01,UPI,2.3
ORD00785,Table Lamp,Home & Kitchen,15793.43,5,78967.15,2024-09-22,Net Banking,1.3
ORD00786,Lipstick,Beauty,6767.81,1,6767.81,2024-12-27,COD,2.1
ORD00787,Lipstick,Beauty,1011.22,5,5056.1,2024-11-05,Net Banking,4.7
ORD00788,Headphones,Electronics,13371.25,4,53485.0,2024-07-05,Credit Card,1.6
ORD00789,Jeans,Clothing,28972.11,2,57944.22,2024-08-01,Credit Card,2.1
ORD00790,Perfume,Beauty,17212.34,1,17212.34,2025-02-06,COD,3.5
ORD00791,Educational Book,Books,48742.0,1,48742.0,2024-09-16,UPI,1.1
ORD00792,Smartphone,Electronics,19117.36,3,57352.08,2025-02-08,COD,1.6
ORD00793,Tablet,Electronics,847.39,5,4236.95,2024-12-15,Net Banking,4.0
ORD00794,Mixer Grinder,Home & Kitchen,14796.32,2,29592.64,2024-11-29,Wallet,1.2
ORD00795,Face Cream,Beauty,5238.33,3,15714.99,2024-10-24,Wallet,1.6
ORD00796,Mixer Grinder,Home & Kitchen,31430.94,5,157154.7,2024-11-02,Debit Card,4.6
ORD00797,Jeans,Clothing,27532.48,4,110129.92,2024-04-09,UPI,2.2
ORD00798,Jeans,Clothing,41121.95,3,123365.85,2024-02-20,COD,1.4
ORD00799,Laptop,Electronics,12944.89,2,25889.78,2024-04-10,COD,1.9
ORD00800,T-Shirt,Clothing,4729.04,5,23645.2,2024-09-09,COD,4.0
ORD00801,Lipstick,Beauty,31512.97,2,63025.94,2024-12-18,COD,2.1
ORD00802,Smartwatch,Electronics,46891.65,3,140674.95,2024-11-08,Net Banking,2.9
ORD00803,Dress,Clothing,34137.79,2,68275.58,2024-09-23,Net Banking,1.8
ORD00804,Table Lamp,Home & Kitchen,41000.91,4,164003.64,2024-09-11,UPI,4.5
ORD00805,Laptop,Electronics,7672.34,4,30689.36,2024-04-10,UPI,1.1
ORD00806,Educational Book,Books,25186.79,3,75560.37,2024-02-22,COD,3.8
ORD00807,Shampoo,Beauty,41285.25,1,41285.25,2024-12-05,COD,1.8
ORD00808,Shampoo,Beauty,30435.75,2,60871.5,2024-04-09,Credit Card,3.1
ORD00809,Laptop,Electronics,45786.56,5,228932.8,2024-12-22,Wallet,1.4
ORD00810,Fiction Novel,Books,26700.19,3,80100.57,2024-03-26,COD,1.5
ORD00811,Sneakers,Clothing,27367.02,3,82101.06,2024-07-03,Wallet,1.4
ORD00812,Tablet,Electronics,17213.3,3,51639.9,2024-04-21,Net Banking,1.7
ORD00813,Mixer Grinder,Home & Kitchen,4084.62,5,20423.1,2024-02-26,UPI,4.3
ORD00814,Table Lamp,Home & Kitchen,9213.55,4,36854.2,2024-07-17,COD,2.5
ORD00815,T-Shirt,Clothing,6114.55,4,24458.2,2024-08-27,Debit Card,3.7
ORD00816,Comic Book,Books,21670.52,4,86682.08,2024-04-09,COD,4.6
ORD00817,Face Cream,Beauty,37528.53,4,150114.12,2025-01-21,UPI,1.6
ORD00818,Smartphone,Electronics,46526.93,5,232634.65,2024-12-20,Net Banking,2.2
ORD00819,Self-Help Book,Books,4042.56,2,8085.12,2024-03-14,Debit Card,3.7
ORD00820,Cookware Set,Home & Kitchen,35777.51,1,35777.51,2024-12-23,Net Banking,3.2
ORD00821,Bedsheet,Home & Kitchen,4160.52,2,8321.04,2024-12-06,Net Banking,3.8
ORD00822,Laptop,Electronics,20754.92,3,62264.76,2024-08-10,Debit Card,1.9
ORD00823,Comic Book,Books,34460.43,2,68920.86,2024-03-06,COD,4.6
ORD00824,Table Lamp,Home & Kitchen,22835.78,5,114178.9,2024-02-22,Wallet,4.1
ORD00825,Shampoo,Beauty,5361.18,2,10722.36,2024-10-16,Net Banking,3.0
ORD00826,Jacket,Clothing,41996.61,2,83993.22,2024-11-20,COD,2.1
ORD00827,Perfume,Beauty,43606.83,4,174427.32,2024-04-11,Debit Card,3.6
ORD00828,Smartwatch,Electronics,14290.07,5,71450.35,2024-12-12,Debit Card,2.3
ORD00829,Laptop,Electronics,32760.67,3,98282.01,2024-06-26,Net Banking,1.0
ORD00830,Comic Book,Books,26403.73,1,26403.73,2024-11-08,Debit Card,3.3
ORD00831,Hair Dryer,Beauty,34069.64,1,34069.64,2024-11-14,Wallet,3.0
ORD00832,Table Lamp,Home & Kitchen,47284.54,5,236422.7,2024-03-01,Net Banking,2.4
ORD00833,Smartwatch,Electronics,28678.88,4,114715.52,2024-10-17,Net Banking,3.7
ORD00834,Face Cream,Beauty,44918.35,5,224591.75,2024-07-23,Wallet,4.4
ORD00835,Hair Dryer,Beauty,31727.37,1,31727.37,2024-11-11,Debit Card,1.7
ORD00836,Bedsheet,Home & Kitchen,10766.58,3,32299.74,2024-04-05,Credit Card,4.2
ORD00837,Lipstick,Beauty,25288.2,4,101152.8,2024-08-15,Debit Card,4.8
ORD00838,Laptop,Electronics,35506.5,5,177532.5,2024-05-26,UPI,4.5
ORD00839,Fiction Novel,Books,7682.98,4,30731.92,2024-08-15,COD,4.8
ORD00840,Smartphone,Electronics,32664.01,2,65328.02,2024-03-22,Net Banking,2.5
ORD00841,Table Lamp,Home & Kitchen,14359.56,3,43078.68,2024-07-09,Debit Card,2.3
ORD00842,Sneakers,Clothing,3632.93,5,18164.65,2024-08-24,Credit Card,2.1
ORD00843,Mixer Grinder,Home & Kitchen,30519.71,1,30519.71,2024-02-13,Net Banking,3.2
ORD00844,Sofa Cover,Home & Kitchen,999.54,3,2998.62,2025-01-03,Debit Card,3.2
ORD00845,Mixer Grinder,Home & Kitchen,15481.49,3,46444.47,2024-05-20,Wallet,2.1
ORD00846,Table Lamp,Home & Kitchen,33814.72,2,67629.44,2024-10-09,Net Banking,1.3
ORD00847,Table Lamp,Home & Kitchen,13559.39,3,40678.17,2024-09-15,Net Banking,3.6
ORD00848,T-Shirt,Clothing,18461.51,3,55384.53,2024-09-14,COD,4.4
ORD00849,Smartphone,Electronics,22868.39,4,91473.56,2024-06-03,Debit Card,1.3
ORD00850,Sofa Cover,Home & Kitchen,17795.7,2,35591.4,2024-06-15,COD,4.2
ORD00851,Perfume,Beauty,20095.19,4,80380.76,2025-01-13,Credit Card,2.7
ORD00852,Cookware Set,Home & Kitchen,13998.81,2,27997.62,2024-07-13,Net Banking,2.7
ORD00853,Mixer Grinder,Home & Kitchen,787.27,3,2361.81,2024-04-06,UPI,2.1
ORD00854,Laptop,Electronics,47363.2,3,142089.6,2024-11-12,Credit Card,3.3
ORD00855,Sneakers,Clothing,9655.03,4,38620.12,2024-11-16,Credit Card,1.5
ORD00856,Cookware Set,Home & Kitchen,24151.49,1,24151.49,2024-10-02,UPI,4.8
ORD00857,Comic Book,Books,3697.32,4,14789.28,2024-02-27,UPI,1.3
ORD00858,Educational Book,Books,43840.04,5,219200.2,2024-12-12,Credit Card,3.0
ORD00859,Sofa Cover,Home & Kitchen,6494.62,5,32473.1,2024-09-04,UPI,2.6
ORD00860,Educational Book,Books,7761.67,1,7761.67,2025-02-03,UPI,4.8
ORD00861,Hair Dryer,Beauty,43300.52,4,173202.08,2024-10-23,COD,1.1
ORD00862,Sofa Cover,Home & Kitchen,36583.04,4,146332.16,2024-04-18,COD,2.0
ORD00863,Smartwatch,Electronics,43298.08,3,129894.24,2024-07-28,UPI,1.6
ORD00864,Self-Help Book,Books,47427.3,5,237136.5,2024-03-29,Wallet,4.0
ORD00865,Smartphone,Electronics,32950.95,5,164754.75,2024-07-26,Net Banking,2.2
ORD00866,Face Cream,Beauty,14064.35,2,28128.7,2024-04-19,Net Banking,2.9
ORD00867,Lipstick,Beauty,49911.75,3,149735.25,2024-05-18,Wallet,3.1
ORD00868,Headphones,Electronics,40986.82,3,122960.46,2025-01-22,COD,3.5
ORD00869,Sofa Cover,Home & Kitchen,32863.88,4,131455.52,2024-03-15,Wallet,4.9
ORD00870,Perfume,Beauty,37424.59,4,149698.36,2024-08-01,Net Banking,1.2
ORD00871,Table Lamp,Home & Kitchen,36930.76,2,73861.52,2024-05-15,Debit Card,1.9
ORD00872,Cookbook,Books,40379.73,1,40379.73,2024-11-02,COD,3.8
ORD00873,T-Shirt,Clothing,16938.75,5,84693.75,2024-02-29,Debit Card,3.2
ORD00874,Dress,Clothing,2415.32,5,12076.6,2024-09-24,COD,3.2
ORD00875,Hair Dryer,Beauty,49127.14,3,147381.42,2024-08-31,UPI,1.0
ORD00876,Jacket,Clothing,1416.84,3,4250.52,2024-06-07,Net Banking,1.8
ORD00877,Hair Dryer,Beauty,21112.13,3,63336.39,2024-08-22,UPI,1.9
ORD00878,Lipstick,Beauty,13061.91,5,65309.55,2024-10-24,Debit Card,1.9
ORD00879,Self-Help Book,Books,7465.89,5,37329.45,2024-03-28,Debit Card,4.4
ORD00880,Fiction Novel,Books,38005.05,1,38005.05,2025-01-01,UPI,4.0
ORD00881,T-Shirt,Clothing,42307.18,5,211535.9,2024-08-21,COD,4.1
ORD00882,Mixer Grinder,Home & Kitchen,28727.4,3,86182.2,2024-05-22,COD,4.7
ORD00883,Hair Dryer,Beauty,8465.28,3,25395.84,2024-12-12,Credit Card,1.8
ORD00884,Cookbook,Books,17194.75,3,51584.25,2024-05-15,Wallet,1.9
ORD00885,Sneakers,Clothing,26550.66,4,106202.64,2024-03-09,COD,3.3
ORD00886,Educational Book,Books,24335.78,4,97343.12,2024-04-09,UPI,3.1
ORD00887,Sofa Cover,Home & Kitchen,17308.52,1,17308.52,2024-10-29,Net Banking,2.2
ORD00888,Laptop,Electronics,18097.79,1,18097.79,2024-05-22,Net Banking,3.8
ORD00889,Cookbook,Books,45792.57,2,91585.14,2024-06-10,Credit Card,3.1
ORD00890,Hair Dryer,Beauty,35879.79,4,143519.16,2024-03-02,UPI,4.4
ORD00891,Cookware Set,Home & Kitchen,16158.74,3,48476.22,2024-08-24,COD,4.2
ORD00892,Jeans,Clothing,15387.4,1,15387.4,2024-03-03,UPI,4.2
ORD00893,Fiction Novel,Books,11134.83,5,55674.15,2024-10-09,Net Banking,3.2
ORD00894,Face Cream,Beauty,49835.85,3,149507.55,2024-09-02,Credit Card,4.5
ORD00895,Tablet,Electronics,1002.29,1,1002.29,2025-01-08,UPI,1.4
ORD00896,Headphones,Electronics,26448.24,4,105792.96,2024-07-20,Net Banking,1.2
ORD00897,Lipstick,Beauty,30650.46,5,153252.3,2024-09-12,Net Banking,1.6
ORD00898,Mixer Grinder,Home & Kitchen,31978.03,2,63956.06,2024-05-19,Credit Card,3.7
ORD00899,Dress,Clothing,45516.21,1,45516.21,2024-07-19,UPI,1.0
ORD00900,Comic Book,Books,31922.03,1,31922.03,2024-05-21,Net Banking,2.5
ORD00901,Lipstick,Beauty,3481.52,3,10444.56,2024-08-04,Net Banking,1.1
ORD00902,Table Lamp,Home & Kitchen,27507.36,4,110029.44,2024-09-14,Credit Card,4.5
ORD00903,Table Lamp,Home & Kitchen,34870.12,5,174350.6,2025-01-23,Debit Card,2.7
ORD00904,Table Lamp,Home & Kitchen,11540.73,1,11540.73,2024-08-08,Wallet,3.6
ORD00905,Laptop,Electronics,2926.8,4,11707.2,2024-02-19,Credit Card,2.3
ORD00906,Educational Book,Books,37341.95,2,74683.9,2024-10-02,Debit Card,4.8
ORD00907,Table Lamp,Home & Kitchen,30100.73,1,30100.73,2024-03-01,UPI,1.7
ORD00908,Jeans,Clothing,4442.1,3,13326.3,2024-03-29,Debit Card,2.8
ORD00909,Bedsheet,Home & Kitchen,18657.99,5,93289.95,2025-01-02,Net Banking,1.7
ORD00910,Shampoo,Beauty,41402.76,1,41402.76,2024-07-10,Credit Card,3.2
ORD00911,Educational Book,Books,49796.61,1,49796.61,2024-10-25,COD,4.1
ORD00912,Perfume,Beauty,32712.91,2,65425.82,2024-05-03,Net Banking,4.2
ORD00913,Face Cream,Beauty,26281.98,1,26281.98,2024-06-24,Debit Card,4.3
ORD00914,Table Lamp,Home & Kitchen,30805.88,5,154029.4,2024-06-15,Credit Card,1.1
ORD00915,Dress,Clothing,9045.23,5,45226.15,2024-07-04,COD,4.6
ORD00916,Headphones,Electronics,16003.38,2,32006.76,2024-09-13,UPI,4.1
ORD00917,Jeans,Clothing,35139.53,1,35139.53,2024-05-19,Wallet,2.9
ORD00918,Fiction Novel,Books,13640.1,4,54560.4,2024-04-10,Wallet,3.3
ORD00919,Cookware Set,Home & Kitchen,5535.76,2,11071.52,2025-02-04,UPI,3.6
ORD00920,Mixer Grinder,Home & Kitchen,1039.11,4,4156.44,2024-10-17,Credit Card,3.8
ORD00921,Table Lamp,Home & Kitchen,41169.65,5,205848.25,2024-12-15,Credit Card,2.7
ORD00922,Laptop,Electronics,21472.14,2,42944.28,2024-09-08,Debit Card,3.4
ORD00923,Comic Book,Books,7936.7,5,39683.5,2024-12-10,Debit Card,3.1
ORD00924,Jacket,Clothing,23939.92,3,71819.76,2024-12-10,Net Banking,2.1
ORD00925,Jeans,Clothing,47480.71,5,237403.55,2024-09-09,UPI,3.1
ORD00926,Sofa Cover,Home & Kitchen,8058.4,3,24175.2,2024-11-28,Net Banking,2.9
ORD00927,Shampoo,Beauty,32369.52,2,64739.04,2025-01-27,Debit Card,2.7
ORD00928,Jeans,Clothing,29604.77,4,118419.08,2024-05-06,Wallet,3.7
ORD00929,Jacket,Clothing,19927.72,2,39855.44,2024-06-07,Credit Card,3.7
ORD00930,Comic Book,Books,42170.48,1,42170.48,2024-10-29,UPI,4.4
ORD00931,Dress,Clothing,15950.41,5,79752.05,2024-12-06,COD,1.5
ORD00932,Fiction Novel,Books,791.45,4,3165.8,2024-03-21,Credit Card,1.2
ORD00933,Jeans,Clothing,28534.99,3,85604.97,2024-08-15,Net Banking,1.8
ORD00934,Mixer Grinder,Home & Kitchen,13371.43,4,53485.72,2024-06-06,Net Banking,1.2
ORD00935,Laptop,Electronics,48073.8,4,192295.2,2024-10-03,Credit Card,4.1
ORD00936,Fiction Novel,Books,15240.16,5,76200.8,2024-06-14,Net Banking,3.6
ORD00937,Comic Book,Books,11216.38,5,56081.9,2024-03-11,COD,2.8
ORD00938,Fiction Novel,Books,540.63,3,1621.89,2024-04-12,COD,3.5
ORD00939,Smartwatch,Electronics,19845.72,3,59537.16,2024-05-08,COD,4.0
ORD00940,Jacket,Clothing,31486.57,1,31486.57,2024-08-16,Wallet,3.0
ORD00941,Smartwatch,Electronics,47899.72,2,95799.44,2024-07-10,COD,4.0
ORD00942,Educational Book,Books,39842.15,5,199210.75,2025-01-17,Debit Card,4.8
ORD00943,Sneakers,Clothing,46101.14,2,92202.28,2024-03-01,Net Banking,4.0
ORD00944,Fiction Novel,Books,46563.35,5,232816.75,2024-05-08,Debit Card,1.2
ORD00945,Tablet,Electronics,35922.64,4,143690.56,2024-02-17,UPI,3.1
ORD00946,Laptop,Electronics,33745.33,1,33745.33,2025-01-13,COD,2.7
ORD00947,Dress,Clothing,22870.53,5,114352.65,2024-06-20,COD,1.4
ORD00948,Sofa Cover,Home & Kitchen,29715.31,2,59430.62,2024-04-12,COD,3.5
ORD00949,Jeans,Clothing,15543.65,4,62174.6,2024-05-31,Credit Card,2.7
ORD00950,Smartphone,Electronics,8234.32,2,16468.64,2024-06-02,Debit Card,1.9
ORD00951,T-Shirt,Clothing,959.63,1,959.63,2024-11-21,Wallet,1.6
ORD00952,Face Cream,Beauty,34969.69,5,174848.45,2024-03-30,Net Banking,4.0
ORD00953,Headphones,Electronics,46553.58,3,139660.74,2025-01-04,COD,2.3
ORD00954,Face Cream,Beauty,33472.93,1,33472.93,2024-05-29,Credit Card,3.4
ORD00955,Smartphone,Electronics,29781.11,2,59562.22,2024-03-08,Debit Card,3.6
ORD00956,Cookware Set,Home & Kitchen,30564.98,3,91694.94,2024-07-14,Debit Card,3.8
ORD00957,Sneakers,Clothing,42407.52,2,84815.04,2024-05-26,Debit Card,4.7
ORD00958,Fiction Novel,Books,10435.03,1,10435.03,2024-09-23,Debit Card,3.1
ORD00959,Headphones,Electronics,35278.46,3,105835.38,2024-08-27,COD,1.2
ORD00960,Smartphone,Electronics,34844.54,3,104533.62,2024-09-26,Credit Card,4.8
ORD00961,Comic Book,Books,31159.76,5,155798.8,2025-01-25,Wallet,1.1
ORD00962,Dress,Clothing,27369.17,4,109476.68,2024-09-11,UPI,3.5
ORD00963,Lipstick,Beauty,47055.28,1,47055.28,2024-06-16,Credit Card,3.0
ORD00964,Laptop,Electronics,30706.15,4,122824.6,2024-08-06,UPI,2.9
ORD00965,Hair Dryer,Beauty,659.73,4,2638.92,2024-12-08,UPI,3.5
ORD00966,Perfume,Beauty,14341.13,4,57364.52,2024-06-28,Credit Card,1.5
ORD00967,Educational Book,Books,22923.93,4,91695.72,2024-12-10,COD,2.7
ORD00968,Table Lamp,Home & Kitchen,20766.47,2,41532.94,2024-04-23,COD,1.8
ORD00969,Laptop,Electronics,36615.73,5,183078.65,2024-04-10,Net Banking,2.0
ORD00970,T-Shirt,Clothing,879.25,4,3517.0,2024-09-07,Wallet,4.9
ORD00971,Bedsheet,Home & Kitchen,8571.55,4,34286.2,2025-01-12,Wallet,3.9
ORD00972,Headphones,Electronics,23125.33,5,115626.65,2025-01-19,Debit Card,3.7
ORD00973,Educational Book,Books,5712.21,3,17136.63,2024-09-11,UPI,3.6
ORD00974,T-Shirt,Clothing,1434.23,2,2868.46,2024-03-24,UPI,3.5
ORD00975,Fiction Novel,Books,43163.16,2,86326.32,2024-12-09,Debit Card,1.9
ORD00976,Sofa Cover,Home & Kitchen,38545.29,1,38545.29,2024-09-06,Wallet,1.3
ORD00977,Lipstick,Beauty,8188.18,2,16376.36,2024-08-15,Wallet,1.3
ORD00978,Table Lamp,Home & Kitchen,35763.48,4,143053.92,2024-12-27,UPI,3.7
ORD00979,Cookware Set,Home & Kitchen,10818.91,2,21637.82,2024-08-01,Wallet,1.8
ORD00980,Perfume,Beauty,35506.41,5,177532.05,2024-02-28,Wallet,1.2
ORD00981,Tablet,Electronics,19010.38,5,95051.9,2024-07-28,Wallet,1.5
ORD00982,Fiction Novel,Books,29678.85,3,89036.55,2024-10-25,UPI,2.9
ORD00983,Comic Book,Books,5412.9,5,27064.5,2024-06-30,COD,2.1
ORD00984,Jeans,Clothing,22890.95,3,68672.85,2024-11-30,Credit Card,3.0
ORD00985,Jeans,Clothing,40905.69,5,204528.45,2025-01-27,COD,1.9
ORD00986,Bedsheet,Home & Kitchen,17253.67,3,51761.01,2024-11-24,Debit Card,4.6
ORD00987,Educational Book,Books,27920.2,5,139601.0,2024-02-14,Wallet,2.7
ORD00988,Jacket,Clothing,46055.88,5,230279.4,2024-12-06,COD,4.2
ORD00989,Smartwatch,Electronics,49569.3,4,198277.2,2024-05-11,COD,1.2
ORD00990,Educational Book,Books,35948.16,5,179740.8,2024-10-30,Wallet,2.5
ORD00991,Fiction Novel,Books,9189.91,5,45949.55,2024-07-28,Wallet,4.9
ORD00992,Mixer Grinder,Home & Kitchen,6075.65,2,12151.3,2024-03-06,Credit Card,2.1
ORD00993,Mixer Grinder,Home & Kitchen,25511.46,2,51022.92,2024-11-27,Net Banking,3.7
ORD00994,Mixer Grinder,Home & Kitchen,5815.52,4,23262.08,2024-10-12,UPI,2.2
ORD00995,Sneakers,Clothing,11479.89,3,34439.67,2024-07-30,Net Banking,2.5
ORD00996,Smartphone,Electronics,28995.81,3,86987.43,2025-01-13,COD,5.0
ORD00997,Perfume,Beauty,32799.51,2,65599.02,2024-12-18,Wallet,2.4
ORD00998,Face Cream,Beauty,40840.8,1,40840.8,2024-07-26,UPI,3.1
ORD00999,Cookware Set,Home & Kitchen,34741.79,4,138967.16,2024-10-02,Net Banking,3.2
ORD01000,Table Lamp,Home & Kitchen,16698.12,4,66792.48,2024-03-26,Credit Card,1.6
